uid,,статус
u512, УЗВ,1
u983, УЗВ,1
u1372, УЗВ,1
u1374, УЗВ,1
u1006, УЗВ,1
u1027, УЗВ,1
u1962, УЗВ,1
u38, УЗВ,1
u1427, УЗВ,1
u324, УЗВ,1
u110, УЗВ,1
u1866, УЗВ,1
u598, УЗВ,1
u1385, УЗВ,1
u1151, УЗВ,1
u460, УЗВ,1
u1833, УЗВ,1
u1845, УЗВ,1
u965, УЗВ,1
u1390, УЗВ,1
u1472, УЗВ,1
u1129, УЗВ,1
u787,проект Тайный Покупатель,1
u553,проект Тайный Покупатель,1
u473,проект Тайный Покупатель,1
u1402,проект Тайный Покупатель,1
u552,проект Тайный Покупатель,1
u1864,проект Тайный Покупатель,1
u512,проект Тайный Покупатель,1
u1819,проект Тайный Покупатель,1
u1918,проект Тайный Покупатель,1
u976,проект Тайный Покупатель,1
u263,проект Тайный Покупатель,1
u560,проект Тайный Покупатель,1
u736,проект Тайный Покупатель,1
u906,проект Тайный Покупатель,1
u1491,проект Тайный Покупатель,1
u541,проект Тайный Покупатель,1
u1330,проект Тайный Покупатель,1
u654,проект Тайный Покупатель,1
u926,проект Тайный Покупатель,1
u988,проект Тайный Покупатель,1
u806,проект Тайный Покупатель,1
u475,проект Тайный Покупатель,1
u137,проект Тайный Покупатель,1
u961,проект Тайный Покупатель,1
u992,проект Тайный Покупатель,1
u655,проект Тайный Покупатель,1
u1372,проект Тайный Покупатель,1
u713,проект Тайный Покупатель,1
u617,проект Тайный Покупатель,1
u230,проект Тайный Покупатель,1
u588,проект Тайный Покупатель,1
u198,проект Тайный Покупатель,1
u632,проект Тайный Покупатель,1
u1992,проект Тайный Покупатель,1
u1589,проект Тайный Покупатель,1
u2057,проект Тайный Покупатель,1
u244,проект Тайный Покупатель,1
u1374,проект Тайный Покупатель,1
u189,проект Тайный Покупатель,1
u1492,проект Тайный Покупатель,1
u543,проект Тайный Покупатель,1
u1810,проект Тайный Покупатель,1
u200,проект Тайный Покупатель,1
u382,проект Тайный Покупатель,1
u1777,проект Тайный Покупатель,1
u2071,проект Тайный Покупатель,1
u790,проект Тайный Покупатель,1
u1357,проект Тайный Покупатель,1
u1704,проект Тайный Покупатель,1
u1375,проект Тайный Покупатель,1
u829,проект Тайный Покупатель,1
u1894,проект Тайный Покупатель,1
u341,проект Тайный Покупатель,1
u1812,проект Тайный Покупатель,1
u1813,проект Тайный Покупатель,1
u1364,проект Тайный Покупатель,1
u1834,проект Тайный Покупатель,1
u1011,проект Тайный Покупатель,1
u1778,проект Тайный Покупатель,1
u1607,проект Тайный Покупатель,1
u1405,проект Тайный Покупатель,1
u1706,проект Тайный Покупатель,1
u1015,проект Тайный Покупатель,1
u1928,проект Тайный Покупатель,1
u817,проект Тайный Покупатель,1
u2085,проект Тайный Покупатель,1
u578,проект Тайный Покупатель,1
u47,проект Тайный Покупатель,1
u126,проект Тайный Покупатель,1
u2010,проект Тайный Покупатель,1
u1779,проект Тайный Покупатель,1
u1707,проект Тайный Покупатель,1
u1398,проект Тайный Покупатель,1
u722,проект Тайный Покупатель,1
u240,проект Тайный Покупатель,1
u791,проект Тайный Покупатель,1
u544,проект Тайный Покупатель,1
u1417,проект Тайный Покупатель,1
u1825,проект Тайный Покупатель,1
u7,проект Тайный Покупатель,1
u1968,проект Тайный Покупатель,1
u2086,проект Тайный Покупатель,1
u1939,проект Тайный Покупатель,1
u1485,проект Тайный Покупатель,1
u576,проект Тайный Покупатель,1
u1627,проект Тайный Покупатель,1
u2000,проект Тайный Покупатель,1
u268,проект Тайный Покупатель,1
u1763,проект Тайный Покупатель,1
u1941,проект Тайный Покупатель,1
u236,проект Тайный Покупатель,1
u448,проект Тайный Покупатель,1
u474,проект Тайный Покупатель,1
u1038,проект Тайный Покупатель,1
u1602,проект Тайный Покупатель,1
u1593,проект Тайный Покупатель,1
u960,проект Тайный Покупатель,1
u1044,проект Тайный Покупатель,1
u716,проект Тайный Покупатель,1
u1909,проект Тайный Покупатель,1
u1049,проект Тайный Покупатель,1
u1521,проект Тайный Покупатель,1
u346,проект Тайный Покупатель,1
u1522,проект Тайный Покупатель,1
u2012,проект Тайный Покупатель,1
u794,проект Тайный Покупатель,1
u958,проект Тайный Покупатель,1
u820,проект Тайный Покупатель,1
u349,проект Тайный Покупатель,1
u11,проект Тайный Покупатель,1
u1972,проект Тайный Покупатель,1
u1959,проект Тайный Покупатель,1
u1583,проект Тайный Покупатель,1
u2047,проект Тайный Покупатель,1
u1427,проект Тайный Покупатель,1
u2024,проект Тайный Покупатель,1
u1066,проект Тайный Покупатель,1
u967,проект Тайный Покупатель,1
u795,проект Тайный Покупатель,1
u1676,проект Тайный Покупатель,1
u630,проект Тайный Покупатель,1
u57,проект Тайный Покупатель,1
u1,проект Тайный Покупатель,1
u1551,проект Тайный Покупатель,1
u549,проект Тайный Покупатель,1
u1077,проект Тайный Покупатель,1
u1369,проект Тайный Покупатель,1
u1789,проект Тайный Покупатель,1
u700,проект Тайный Покупатель,1
u110,проект Тайный Покупатель,1
u1911,проект Тайный Покупатель,1
u143,проект Тайный Покупатель,1
u1548,проект Тайный Покупатель,1
u1872,проект Тайный Покупатель,1
u2098,проект Тайный Покупатель,1
u120,проект Тайный Покупатель,1
u21,проект Тайный Покупатель,1
u1102,проект Тайный Покупатель,1
u1694,проект Тайный Покупатель,1
u207,проект Тайный Покупатель,1
u1801,проект Тайный Покупатель,1
u2027,проект Тайный Покупатель,1
u1686,проект Тайный Покупатель,1
u1713,проект Тайный Покупатель,1
u940,проект Тайный Покупатель,1
u872,проект Тайный Покупатель,1
u1714,проект Тайный Покупатель,1
u1975,проект Тайный Покупатель,1
u1958,проект Тайный Покупатель,1
u890,проект Тайный Покупатель,1
u1584,проект Тайный Покупатель,1
u2073,проект Тайный Покупатель,1
u1736,проект Тайный Покупатель,1
u947,проект Тайный Покупатель,1
u1384,проект Тайный Покупатель,1
u864,проект Тайный Покупатель,1
u1817,проект Тайный Покупатель,1
u1399,проект Тайный Покупатель,1
u856,проект Тайный Покупатель,1
u2026,проект Тайный Покупатель,1
u566,проект Тайный Покупатель,1
u1385,проект Тайный Покупатель,1
u369,проект Тайный Покупатель,1
u636,проект Тайный Покупатель,1
u193,проект Тайный Покупатель,1
u1945,проект Тайный Покупатель,1
u1782,проект Тайный Покупатель,1
u637,проект Тайный Покупатель,1
u567,проект Тайный Покупатель,1
u1407,проект Тайный Покупатель,1
u329,проект Тайный Покупатель,1
u849,проект Тайный Покупатель,1
u1718,проект Тайный Покупатель,1
u297,проект Тайный Покупатель,1
u1851,проект Тайный Покупатель,1
u1913,проект Тайный Покупатель,1
u1957,проект Тайный Покупатель,1
u1143,проект Тайный Покупатель,1
u1144,проект Тайный Покупатель,1
u1141,проект Тайный Покупатель,1
u250,проект Тайный Покупатель,1
u213,проект Тайный Покупатель,1
u1996,проект Тайный Покупатель,1
u618,проект Тайный Покупатель,1
u1719,проект Тайный Покупатель,1
u1460,проект Тайный Покупатель,1
u446,проект Тайный Покупатель,1
u373,проект Тайный Покупатель,1
u1570,проект Тайный Покупатель,1
u1863,проект Тайный Покупатель,1
u1156,проект Тайный Покупатель,1
u858,проект Тайный Покупатель,1
u344,проект Тайный Покупатель,1
u1966,проект Тайный Покупатель,1
u922,проект Тайный Покупатель,1
u1970,проект Тайный Покупатель,1
u1995,проект Тайный Покупатель,1
u15,проект Тайный Покупатель,1
u1342,проект Тайный Покупатель,1
u717,проект Тайный Покупатель,1
u461,проект Тайный Покупатель,1
u459,проект Тайный Покупатель,1
u2093,проект Тайный Покупатель,1
u337,проект Тайный Покупатель,1
u280,проект Тайный Покупатель,1
u1172,проект Тайный Покупатель,1
u695,проект Тайный Покупатель,1
u1788,проект Тайный Покупатель,1
u1741,проект Тайный Покупатель,1
u266,проект Тайный Покупатель,1
u219,проект Тайный Покупатель,1
u1436,проект Тайный Покупатель,1
u255,проект Тайный Покупатель,1
u860,проект Тайный Покупатель,1
u2008,проект Тайный Покупатель,1
u1930,проект Тайный Покупатель,1
u107,проект Тайный Покупатель,1
u50,проект Тайный Покупатель,1
u1914,проект Тайный Покупатель,1
u1884,проект Тайный Покупатель,1
u1841,проект Тайный Покупатель,1
u2,проект Тайный Покупатель,1
u1804,проект Тайный Покупатель,1
u1401,проект Тайный Покупатель,1
u41,проект Тайный Покупатель,1
u221,проект Тайный Покупатель,1
u1451,проект Тайный Покупатель,1
u1206,проект Тайный Покупатель,1
u92,проект Тайный Покупатель,1
u639,проект Тайный Покупатель,1
u1210,проект Тайный Покупатель,1
u1933,проект Тайный Покупатель,1
u1985,проект Тайный Покупатель,1
u1315,проект Тайный Покупатель,1
u1616,проект Тайный Покупатель,1
u861,проект Тайный Покупатель,1
u645,проект Тайный Покупатель,1
u352,проект Тайный Покупатель,1
u222,проект Тайный Покупатель,1
u1880,проект Тайный Покупатель,1
u1219,проект Тайный Покупатель,1
u320,проект Тайный Покупатель,1
u1786,проект Тайный Покупатель,1
u936,проект Тайный Покупатель,1
u719,проект Тайный Покупатель,1
u14,проект Тайный Покупатель,1
u895,проект Тайный Покупатель,1
u799,проект Тайный Покупатель,1
u798,проект Тайный Покупатель,1
u225,проект Тайный Покупатель,1
u1679,проект Тайный Покупатель,1
u720,проект Тайный Покупатель,1
u1878,проект Тайный Покупатель,1
u840,проект Тайный Покупатель,1
u476,проект Тайный Покупатель,1
u800,проект Тайный Покупатель,1
u1535,проект Тайный Покупатель,1
u2048,проект Тайный Покупатель,1
u732,проект Тайный Покупатель,1
u591,проект Тайный Покупатель,1
u1845,проект Тайный Покупатель,1
u1680,проект Тайный Покупатель,1
u684,проект Тайный Покупатель,1
u813,проект Тайный Покупатель,1
u846,проект Тайный Покупатель,1
u130,проект Тайный Покупатель,1
u1254,проект Тайный Покупатель,1
u950,проект Тайный Покупатель,1
u754,проект Тайный Покупатель,1
u660,проект Тайный Покупатель,1
u233,проект Тайный Покупатель,1
u1256,проект Тайный Покупатель,1
u1461,проект Тайный Покупатель,1
u96,проект Тайный Покупатель,1
u1452,проект Тайный Покупатель,1
u939,проект Тайный Покупатель,1
u386,проект Тайный Покупатель,1
u556,проект Тайный Покупатель,1
u293,проект Тайный Покупатель,1
u805,проект Тайный Покупатель,1
u1853,проект Тайный Покупатель,1
u516,проект Тайный Покупатель,1
u966,проект Тайный Покупатель,1
u908,проект Тайный Покупатель,1
u898,проект Тайный Покупатель,1
u2051,проект Тайный Покупатель,1
u641,проект Тайный Покупатель,1
u622,проект Тайный Покупатель,1
u1687,проект Тайный Покупатель,1
u524,проект Тайный Покупатель,1
u901,проект Тайный Покупатель,1
u195,проект Тайный Покупатель,1
u586,проект Тайный Покупатель,1
u271,проект Тайный Покупатель,1
u562,проект Тайный Покупатель,1
u358,проект Тайный Покупатель,1
u863,проект Тайный Покупатель,1
u23,проект Тайный Покупатель,1
u60,проект Тайный Покупатель,1
u1956,проект Тайный Покупатель,1
u1620,проект Тайный Покупатель,1
u1625,проект Тайный Покупатель,1
u1893,проект Тайный Покупатель,1
u1981,проект Тайный Покупатель,1
u2017,проект Тайный Покупатель,1
u2076,проект Тайный Покупатель,1
u1311,проект Тайный Покупатель,1
u1546,проект Тайный Покупатель,1
u1390,проект Тайный Покупатель,1
u1129,проект Тайный Покупатель,1
u1859,проект Тайный Покупатель,1
u1445,проект Тайный Покупатель,1
u229,проект Тайный Покупатель,1
u473,Опросный лист,1
u1402,Опросный лист,1
u1553,Опросный лист,1
u973,Опросный лист,1
u1918,Опросный лист,1
u976,Опросный лист,1
u788,Опросный лист,1
u876,Опросный лист,1
u560,Опросный лист,1
u979,Опросный лист,1
u980,Опросный лист,1
u774,Опросный лист,1
u906,Опросный лист,1
u1491,Опросный лист,1
u541,Опросный лист,1
u1903,Опросный лист,1
u983,Опросный лист,1
u2082,Опросный лист,1
u417,Опросный лист,1
u899,Опросный лист,1
u961,Опросный лист,1
u443,Опросный лист,1
u65,Опросный лист,1
u1372,Опросный лист,1
u1977,Опросный лист,1
u356,Опросный лист,1
u713,Опросный лист,1
u617,Опросный лист,1
u230,Опросный лист,1
u588,Опросный лист,1
u66,Опросный лист,1
u199,Опросный лист,1
u2057,Опросный лист,1
u855,Опросный лист,1
u1323,Опросный лист,1
u1923,Опросный лист,1
u244,Опросный лист,1
u1374,Опросный лист,1
u1492,Опросный лист,1
u543,Опросный лист,1
u1002,Опросный лист,1
u200,Опросный лист,1
u1703,Опросный лист,1
u879,Опросный лист,1
u423,Опросный лист,1
u1907,Опросный лист,1
u2071,Опросный лист,1
u1357,Опросный лист,1
u1704,Опросный лист,1
u315,Опросный лист,1
u1375,Опросный лист,1
u829,Опросный лист,1
u1894,Опросный лист,1
u124,Опросный лист,1
u1812,Опросный лист,1
u1813,Опросный лист,1
u1010,Опросный лист,1
u1364,Опросный лист,1
u1834,Опросный лист,1
u1778,Опросный лист,1
u715,Опросный лист,1
u583,Опросный лист,1
u1607,Опросный лист,1
u1405,Опросный лист,1
u1706,Опросный лист,1
u1963,Опросный лист,1
u1015,Опросный лист,1
u1456,Опросный лист,1
u712,Опросный лист,1
u1406,Опросный лист,1
u917,Опросный лист,1
u1820,Опросный лист,1
u47,Опросный лист,1
u2010,Опросный лист,1
u1021,Опросный лист,1
u240,Опросный лист,1
u1825,Опросный лист,1
u7,Опросный лист,1
u831,Опросный лист,1
u1968,Опросный лист,1
u1792,Опросный лист,1
u768,Опросный лист,1
u269,Опросный лист,1
u1485,Опросный лист,1
u689,Опросный лист,1
u1652,Опросный лист,1
u2119,Опросный лист,1
u111,Опросный лист,1
u2000,Опросный лист,1
u1175,Опросный лист,1
u268,Опросный лист,1
u1763,Опросный лист,1
u1941,Опросный лист,1
u236,Опросный лист,1
u1850,Опросный лист,1
u38,Опросный лист,1
u44,Опросный лист,1
u474,Опросный лист,1
u1038,Опросный лист,1
u314,Опросный лист,1
u10,Опросный лист,1
u437,Опросный лист,1
u1960,Опросный лист,1
u960,Опросный лист,1
u1942,Опросный лист,1
u1048,Опросный лист,1
u1611,Опросный лист,1
u1052,Опросный лист,1
u1730,Опросный лист,1
u1729,Опросный лист,1
u1054,Опросный лист,1
u169,Опросный лист,1
u793,Опросный лист,1
u101,Опросный лист,1
u346,Опросный лист,1
u1522,Опросный лист,1
u2012,Опросный лист,1
u794,Опросный лист,1
u2087,Опросный лист,1
u820,Опросный лист,1
u1972,Опросный лист,1
u2047,Опросный лист,1
u1365,Опросный лист,1
u1350,Опросный лист,1
u2024,Опросный лист,1
u967,Опросный лист,1
u1910,Опросный лист,1
u579,Опросный лист,1
u1676,Опросный лист,1
u68,Опросный лист,1
u630,Опросный лист,1
u1559,Опросный лист,1
u1525,Опросный лист,1
u1765,Опросный лист,1
u1901,Опросный лист,1
u705,Опросный лист,1
u1,Опросный лист,1
u1551,Опросный лист,1
u32,Опросный лист,1
u374,Опросный лист,1
u1293,Опросный лист,1
u549,Опросный лист,1
u2058,Опросный лист,1
u1732,Опросный лист,1
u1298,Опросный лист,1
u2078,Опросный лист,1
u601,Опросный лист,1
u1487,Опросный лист,1
u1911,Опросный лист,1
u962,Опросный лист,1
u143,Опросный лист,1
u2066,Опросный лист,1
u1548,Опросный лист,1
u746,Опросный лист,1
u492,Опросный лист,1
u1098,Опросный лист,1
u1694,Опросный лист,1
u564,Опросный лист,1
u455,Опросный лист,1
u1415,Опросный лист,1
u1655,Опросный лист,1
u8,Опросный лист,1
u938,Опросный лист,1
u1865,Опросный лист,1
u1713,Опросный лист,1
u1562,Опросный лист,1
u1714,Опросный лист,1
u1975,Опросный лист,1
u1690,Опросный лист,1
u598,Опросный лист,1
u1958,Опросный лист,1
u1109,Опросный лист,1
u1716,Опросный лист,1
u1736,Опросный лист,1
u2061,Опросный лист,1
u91,Опросный лист,1
u1361,Опросный лист,1
u2074,Опросный лист,1
u1384,Опросный лист,1
u40,Опросный лист,1
u1496,Опросный лист,1
u1399,Опросный лист,1
u2026,Опросный лист,1
u566,Опросный лист,1
u51,Опросный лист,1
u209,Опросный лист,1
u49,Опросный лист,1
u1385,Опросный лист,1
u380,Опросный лист,1
u1591,Опросный лист,1
u369,Опросный лист,1
u2091,Опросный лист,1
u636,Опросный лист,1
u1782,Опросный лист,1
u776,Опросный лист,1
u637,Опросный лист,1
u567,Опросный лист,1
u1407,Опросный лист,1
u2014,Опросный лист,1
u849,Опросный лист,1
u1718,Опросный лист,1
u1816,Опросный лист,1
u1913,Опросный лист,1
u370,Опросный лист,1
u1140,Опросный лист,1
u18,Опросный лист,1
u1957,Опросный лист,1
u1145,Опросный лист,1
u1141,Опросный лист,1
u1088,Опросный лист,1
u250,Опросный лист,1
u1996,Опросный лист,1
u854,Опросный лист,1
u1578,Опросный лист,1
u252,Опросный лист,1
u618,Опросный лист,1
u687,Опросный лист,1
u1719,Опросный лист,1
u1460,Опросный лист,1
u373,Опросный лист,1
u824,Опросный лист,1
u1784,Опросный лист,1
u1155,Опросный лист,1
u1570,Опросный лист,1
u1863,Опросный лист,1
u1156,Опросный лист,1
u270,Опросный лист,1
u858,Опросный лист,1
u344,Опросный лист,1
u1966,Опросный лист,1
u1697,Опросный лист,1
u2112,Опросный лист,1
u922,Опросный лист,1
u1448,Опросный лист,1
u254,Опросный лист,1
u709,Опросный лист,1
u2092,Опросный лист,1
u1946,Опросный лист,1
u215,Опросный лист,1
u2015,Опросный лист,1
u1720,Опросный лист,1
u1342,Опросный лист,1
u34,Опросный лист,1
u717,Опросный лист,1
u469,Опросный лист,1
u550,Опросный лист,1
u1505,Опросный лист,1
u662,Опросный лист,1
u461,Опросный лист,1
u459,Опросный лист,1
u2093,Опросный лист,1
u460,Опросный лист,1
u1483,Опросный лист,1
u337,Опросный лист,1
u1362,Опросный лист,1
u63,Опросный лист,1
u1739,Опросный лист,1
u1172,Опросный лист,1
u118,Опросный лист,1
u1788,Опросный лист,1
u1741,Опросный лист,1
u266,Опросный лист,1
u220,Опросный лист,1
u150,Опросный лист,1
u718,Опросный лист,1
u1534,Опросный лист,1
u20,Опросный лист,1
u522,Опросный лист,1
u255,Опросный лист,1
u1930,Опросный лист,1
u2039,Опросный лист,1
u1742,Опросный лист,1
u50,Опросный лист,1
u1914,Опросный лист,1
u1884,Опросный лист,1
u1615,Опросный лист,1
u1185,Опросный лист,1
u2064,Опросный лист,1
u390,Опросный лист,1
u125,Опросный лист,1
u1743,Опросный лист,1
u1724,Опросный лист,1
u1451,Опросный лист,1
u360,Опросный лист,1
u92,Опросный лист,1
u131,Опросный лист,1
u1209,Опросный лист,1
u639,Опросный лист,1
u1210,Опросный лист,1
u1315,Опросный лист,1
u1867,Опросный лист,1
u1616,Опросный лист,1
u645,Опросный лист,1
u46,Опросный лист,1
u222,Опросный лист,1
u1880,Опросный лист,1
u394,Опросный лист,1
u1219,Опросный лист,1
u223,Опросный лист,1
u334,Опросный лист,1
u1348,Опросный лист,1
u936,Опросный лист,1
u1839,Опросный лист,1
u1366,Опросный лист,1
u14,Опросный лист,1
u224,Опросный лист,1
u2096,Опросный лист,1
u799,Опросный лист,1
u225,Опросный лист,1
u1679,Опросный лист,1
u2016,Опросный лист,1
u1228,Опросный лист,1
u1915,Опросный лист,1
u1237,Опросный лист,1
u238,Опросный лист,1
u840,Опросный лист,1
u677,Опросный лист,1
u36,Опросный лист,1
u173,Опросный лист,1
u683,Опросный лист,1
u299,Опросный лист,1
u1503,Опросный лист,1
u476,Опросный лист,1
u1360,Опросный лист,1
u800,Опросный лист,1
u1238,Опросный лист,1
u1535,Опросный лист,1
u1920,Опросный лист,1
u676,Опросный лист,1
u2048,Опросный лист,1
u591,Опросный лист,1
u1294,Опросный лист,1
u1680,Опросный лист,1
u1433,Опросный лист,1
u684,Опросный лист,1
u813,Опросный лист,1
u846,Опросный лист,1
u1336,Опросный лист,1
u130,Опросный лист,1
u1949,Опросный лист,1
u1254,Опросный лист,1
u950,Опросный лист,1
u1818,Опросный лист,1
u660,Опросный лист,1
u1256,Опросный лист,1
u1599,Опросный лист,1
u1461,Опросный лист,1
u96,Опросный лист,1
u1296,Опросный лист,1
u1628,Опросный лист,1
u939,Опросный лист,1
u386,Опросный лист,1
u1262,Опросный лист,1
u1264,Опросный лист,1
u293,Опросный лист,1
u805,Опросный лист,1
u814,Опросный лист,1
u966,Опросный лист,1
u1824,Опросный лист,1
u908,Опросный лист,1
u921,Опросный лист,1
u1271,Опросный лист,1
u2051,Опросный лист,1
u117,Опросный лист,1
u641,Опросный лист,1
u1579,Опросный лист,1
u6,Опросный лист,1
u1687,Опросный лист,1
u524,Опросный лист,1
u901,Опросный лист,1
u1307,Опросный лист,1
u586,Опросный лист,1
u562,Опросный лист,1
u358,Опросный лист,1
u1283,Опросный лист,1
u183,Опросный лист,1
u491,Опросный лист,1
u99,Опросный лист,1
u1462,Опросный лист,1
u1791,Опросный лист,1
u60,Опросный лист,1
u1956,Опросный лист,1
u1620,Опросный лист,1
u1721,Опросный лист,1
u1722,Опросный лист,1
u1595,Опросный лист,1
u1338,Опросный лист,1
u1981,Опросный лист,1
u2017,Опросный лист,1
u784,Опросный лист,1
u1877,Опросный лист,1
u2076,Опросный лист,1
u1311,Опросный лист,1
u1504,Опросный лист,1
u1546,Опросный лист,1
u1390,Опросный лист,1
u376,Опросный лист,1
u228,Опросный лист,1
u1287,Опросный лист,1
u53,Опросный лист,1
u1129,Опросный лист,1
u1309,Опросный лист,1
u1445,Опросный лист,1
u229,Опросный лист,1
u1819,опрос: Тонус-Менеджмент,1
u788,опрос: Тонус-Менеджмент,1
u2057,опрос: Тонус-Менеджмент,1
u543,опрос: Тонус-Менеджмент,1
u124,опрос: Тонус-Менеджмент,1
u1015,опрос: Тонус-Менеджмент,1
u126,опрос: Тонус-Менеджмент,1
u1779,опрос: Тонус-Менеджмент,1
u240,опрос: Тонус-Менеджмент,1
u1792,опрос: Тонус-Менеджмент,1
u2012,опрос: Тонус-Менеджмент,1
u1959,опрос: Тонус-Менеджмент,1
u1350,опрос: Тонус-Менеджмент,1
u549,опрос: Тонус-Менеджмент,1
u1298,опрос: Тонус-Менеджмент,1
u700,опрос: Тонус-Менеджмент,1
u110,опрос: Тонус-Менеджмент,1
u97,опрос: Тонус-Менеджмент,1
u49,опрос: Тонус-Менеджмент,1
u1719,опрос: Тонус-Менеджмент,1
u1697,опрос: Тонус-Менеджмент,1
u15,опрос: Тонус-Менеджмент,1
u2093,опрос: Тонус-Менеджмент,1
u1172,опрос: Тонус-Менеджмент,1
u1741,опрос: Тонус-Менеджмент,1
u220,опрос: Тонус-Менеджмент,1
u1930,опрос: Тонус-Менеджмент,1
u1914,опрос: Тонус-Менеджмент,1
u1315,опрос: Тонус-Менеджмент,1
u46,опрос: Тонус-Менеджмент,1
u1880,опрос: Тонус-Менеджмент,1
u936,опрос: Тонус-Менеджмент,1
u238,опрос: Тонус-Менеджмент,1
u299,опрос: Тонус-Менеджмент,1
u167,опрос: Тонус-Менеджмент,1
u1680,опрос: Тонус-Менеджмент,1
u939,опрос: Тонус-Менеджмент,1
u293,опрос: Тонус-Менеджмент,1
u562,опрос: Тонус-Менеджмент,1
u1956,опрос: Тонус-Менеджмент,1
u1338,опрос: Тонус-Менеджмент,1
u1981,опрос: Тонус-Менеджмент,1
u540,Опрос по учебным ноутбукам,1
u644,Опрос по учебным ноутбукам,1
u1819,Опрос по учебным ноутбукам,1
u788,Опрос по учебным ноутбукам,1
u876,Опрос по учебным ноутбукам,1
u806,Опрос по учебным ноутбукам,1
u331,Опрос по учебным ноутбукам,1
u199,Опрос по учебным ноутбукам,1
u2057,Опрос по учебным ноутбукам,1
u1374,Опрос по учебным ноутбукам,1
u189,Опрос по учебным ноутбукам,1
u543,Опрос по учебным ноутбукам,1
u124,Опрос по учебным ноутбукам,1
u583,Опрос по учебным ноутбукам,1
u1015,Опрос по учебным ноутбукам,1
u1406,Опрос по учебным ноутбукам,1
u126,Опрос по учебным ноутбукам,1
u1779,Опрос по учебным ноутбукам,1
u1446,Опрос по учебным ноутбукам,1
u544,Опрос по учебным ноутбукам,1
u1792,Опрос по учебным ноутбукам,1
u2119,Опрос по учебным ноутбукам,1
u268,Опрос по учебным ноутбукам,1
u554,Опрос по учебным ноутбукам,1
u1038,Опрос по учебным ноутбукам,1
u245,Опрос по учебным ноутбукам,1
u958,Опрос по учебным ноутбукам,1
u1972,Опрос по учебным ноутбукам,1
u1959,Опрос по учебным ноутбукам,1
u1525,Опрос по учебным ноутбукам,1
u549,Опрос по учебным ноутбукам,1
u1298,Опрос по учебным ноутбукам,1
u700,Опрос по учебным ноутбукам,1
u110,Опрос по учебным ноутбукам,1
u1487,Опрос по учебным ноутбукам,1
u1513,Опрос по учебным ноутбукам,1
u2027,Опрос по учебным ноутбукам,1
u1695,Опрос по учебным ноутбукам,1
u890,Опрос по учебным ноутбукам,1
u1993,Опрос по учебным ноутбукам,1
u566,Опрос по учебным ноутбукам,1
u49,Опрос по учебным ноутбукам,1
u1945,Опрос по учебным ноутбукам,1
u776,Опрос по учебным ноутбукам,1
u770,Опрос по учебным ноутбукам,1
u1718,Опрос по учебным ноутбукам,1
u1145,Опрос по учебным ноутбукам,1
u1719,Опрос по учебным ноутбукам,1
u1697,Опрос по учебным ноутбукам,1
u15,Опрос по учебным ноутбукам,1
u2015,Опрос по учебным ноутбукам,1
u1720,Опрос по учебным ноутбукам,1
u2093,Опрос по учебным ноутбукам,1
u1741,Опрос по учебным ноутбукам,1
u220,Опрос по учебным ноутбукам,1
u1534,Опрос по учебным ноутбукам,1
u1930,Опрос по учебным ноутбукам,1
u1914,Опрос по учебным ноутбукам,1
u71,Опрос по учебным ноутбукам,1
u645,Опрос по учебным ноутбукам,1
u1880,Опрос по учебным ноутбукам,1
u936,Опрос по учебным ноутбукам,1
u2096,Опрос по учебным ноутбукам,1
u799,Опрос по учебным ноутбукам,1
u238,Опрос по учебным ноутбукам,1
u840,Опрос по учебным ноутбукам,1
u299,Опрос по учебным ноутбукам,1
u476,Опрос по учебным ноутбукам,1
u167,Опрос по учебным ноутбукам,1
u1530,Опрос по учебным ноутбукам,1
u1680,Опрос по учебным ноутбукам,1
u904,Опрос по учебным ноутбукам,1
u1599,Опрос по учебным ноутбукам,1
u1423,Опрос по учебным ноутбукам,1
u556,Опрос по учебным ноутбукам,1
u293,Опрос по учебным ноутбукам,1
u1824,Опрос по учебным ноутбукам,1
u524,Опрос по учебным ноутбукам,1
u562,Опрос по учебным ноутбукам,1
u1956,Опрос по учебным ноутбукам,1
u1625,Опрос по учебным ноутбукам,1
u1338,Опрос по учебным ноутбукам,1
u42,Опрос по учебным ноутбукам,1
u1279,Опрос по учебным ноутбукам,1
u1981,Опрос по учебным ноутбукам,1
u1877,Опрос по учебным ноутбукам,1
u1748,Опрос по учебным ноутбукам,1
u540,Вопросы для оценки направления «Информационные технологии»,1
u644,Вопросы для оценки направления «Информационные технологии»,1
u2045,Вопросы для оценки направления «Информационные технологии»,1
u788,Вопросы для оценки направления «Информационные технологии»,1
u345,Вопросы для оценки направления «Информационные технологии»,1
u1337,Вопросы для оценки направления «Информационные технологии»,1
u988,Вопросы для оценки направления «Информационные технологии»,1
u806,Вопросы для оценки направления «Информационные технологии»,1
u1371,Вопросы для оценки направления «Информационные технологии»,1
u62,Вопросы для оценки направления «Информационные технологии»,1
u1305,Вопросы для оценки направления «Информационные технологии»,1
u331,Вопросы для оценки направления «Информационные технологии»,1
u1589,Вопросы для оценки направления «Информационные технологии»,1
u2057,Вопросы для оценки направления «Информационные технологии»,1
u855,Вопросы для оценки направления «Информационные технологии»,1
u1374,Вопросы для оценки направления «Информационные технологии»,1
u1492,Вопросы для оценки направления «Информационные технологии»,1
u543,Вопросы для оценки направления «Информационные технологии»,1
u1810,Вопросы для оценки направления «Информационные технологии»,1
u119,Вопросы для оценки направления «Информационные технологии»,1
u1777,Вопросы для оценки направления «Информационные технологии»,1
u146,Вопросы для оценки направления «Информационные технологии»,1
u1951,Вопросы для оценки направления «Информационные технологии»,1
u2060,Вопросы для оценки направления «Информационные технологии»,1
u124,Вопросы для оценки направления «Информационные технологии»,1
u1009,Вопросы для оценки направления «Информационные технологии»,1
u583,Вопросы для оценки направления «Информационные технологии»,1
u1406,Вопросы для оценки направления «Информационные технологии»,1
u126,Вопросы для оценки направления «Информационные технологии»,1
u1779,Вопросы для оценки направления «Информационные технологии»,1
u402,Вопросы для оценки направления «Информационные технологии»,1
u1692,Вопросы для оценки направления «Информационные технологии»,1
u791,Вопросы для оценки направления «Информационные технологии»,1
u1379,Вопросы для оценки направления «Информационные технологии»,1
u147,Вопросы для оценки направления «Информационные технологии»,1
u1652,Вопросы для оценки направления «Информационные технологии»,1
u2119,Вопросы для оценки направления «Информационные технологии»,1
u268,Вопросы для оценки направления «Информационные технологии»,1
u882,Вопросы для оценки направления «Информационные технологии»,1
u1038,Вопросы для оценки направления «Информационные технологии»,1
u2001,Вопросы для оценки направления «Информационные технологии»,1
u1046,Вопросы для оценки направления «Информационные технологии»,1
u1052,Вопросы для оценки направления «Информационные технологии»,1
u1054,Вопросы для оценки направления «Информационные технологии»,1
u245,Вопросы для оценки направления «Информационные технологии»,1
u884,Вопросы для оценки направления «Информационные технологии»,1
u2012,Вопросы для оценки направления «Информационные технологии»,1
u2087,Вопросы для оценки направления «Информационные технологии»,1
u958,Вопросы для оценки направления «Информационные технологии»,1
u418,Вопросы для оценки направления «Информационные технологии»,1
u1350,Вопросы для оценки направления «Информационные технологии»,1
u404,Вопросы для оценки направления «Информационные технологии»,1
u32,Вопросы для оценки направления «Информационные технологии»,1
u374,Вопросы для оценки направления «Информационные технологии»,1
u549,Вопросы для оценки направления «Информационные технологии»,1
u1298,Вопросы для оценки направления «Информационные технологии»,1
u700,Вопросы для оценки направления «Информационные технологии»,1
u110,Вопросы для оценки направления «Информационные технологии»,1
u1487,Вопросы для оценки направления «Информационные технологии»,1
u962,Вопросы для оценки направления «Информационные технологии»,1
u2098,Вопросы для оценки направления «Информационные технологии»,1
u1513,Вопросы для оценки направления «Информационные технологии»,1
u1103,Вопросы для оценки направления «Информационные технологии»,1
u207,Вопросы для оценки направления «Информационные технологии»,1
u609,Вопросы для оценки направления «Информационные технологии»,1
u2027,Вопросы для оценки направления «Информационные технологии»,1
u1655,Вопросы для оценки направления «Информационные технологии»,1
u335,Вопросы для оценки направления «Информационные технологии»,1
u1106,Вопросы для оценки направления «Информационные технологии»,1
u1716,Вопросы для оценки направления «Информационные технологии»,1
u1532,Вопросы для оценки направления «Информационные технологии»,1
u1993,Вопросы для оценки направления «Информационные технологии»,1
u566,Вопросы для оценки направления «Информационные технологии»,1
u51,Вопросы для оценки направления «Информационные технологии»,1
u49,Вопросы для оценки направления «Информационные технологии»,1
u168,Вопросы для оценки направления «Информационные технологии»,1
u1945,Вопросы для оценки направления «Информационные технологии»,1
u776,Вопросы для оценки направления «Информационные технологии»,1
u177,Вопросы для оценки направления «Информационные технологии»,1
u1719,Вопросы для оценки направления «Информационные технологии»,1
u1936,Вопросы для оценки направления «Информационные технологии»,1
u186,Вопросы для оценки направления «Информационные технологии»,1
u254,Вопросы для оценки направления «Информационные технологии»,1
u2065,Вопросы для оценки направления «Информационные технологии»,1
u15,Вопросы для оценки направления «Информационные технологии»,1
u1354,Вопросы для оценки направления «Информационные технологии»,1
u1720,Вопросы для оценки направления «Информационные технологии»,1
u425,Вопросы для оценки направления «Информационные технологии»,1
u1785,Вопросы для оценки направления «Информационные технологии»,1
u1163,Вопросы для оценки направления «Информационные технологии»,1
u717,Вопросы для оценки направления «Информационные технологии»,1
u351,Вопросы для оценки направления «Информационные технологии»,1
u1164,Вопросы для оценки направления «Информационные технологии»,1
u706,Вопросы для оценки направления «Информационные технологии»,1
u1826,Вопросы для оценки направления «Информационные технологии»,1
u2093,Вопросы для оценки направления «Информационные технологии»,1
u1168,Вопросы для оценки направления «Информационные технологии»,1
u1741,Вопросы для оценки направления «Информационные технологии»,1
u1991,Вопросы для оценки направления «Информационные технологии»,1
u220,Вопросы для оценки направления «Информационные технологии»,1
u1534,Вопросы для оценки направления «Информационные технологии»,1
u1499,Вопросы для оценки направления «Информационные технологии»,1
u410,Вопросы для оценки направления «Информационные технологии»,1
u1914,Вопросы для оценки направления «Информационные технологии»,1
u1615,Вопросы для оценки направления «Информационные технологии»,1
u1182,Вопросы для оценки направления «Информационные технологии»,1
u2064,Вопросы для оценки направления «Информационные технологии»,1
u390,Вопросы для оценки направления «Информационные технологии»,1
u131,Вопросы для оценки направления «Информационные технологии»,1
u639,Вопросы для оценки направления «Информационные технологии»,1
u1315,Вопросы для оценки направления «Информационные технологии»,1
u416,Вопросы для оценки направления «Информационные технологии»,1
u2036,Вопросы для оценки направления «Информационные технологии»,1
u46,Вопросы для оценки направления «Информационные технологии»,1
u894,Вопросы для оценки направления «Информационные технологии»,1
u1880,Вопросы для оценки направления «Информационные технологии»,1
u394,Вопросы для оценки направления «Информационные технологии»,1
u839,Вопросы для оценки направления «Информационные технологии»,1
u936,Вопросы для оценки направления «Информационные технологии»,1
u1395,Вопросы для оценки направления «Информационные технологии»,1
u2096,Вопросы для оценки направления «Информационные технологии»,1
u799,Вопросы для оценки направления «Информационные технологии»,1
u1228,Вопросы для оценки направления «Информационные технологии»,1
u1237,Вопросы для оценки направления «Информационные технологии»,1
u840,Вопросы для оценки направления «Информационные технологии»,1
u299,Вопросы для оценки направления «Информационные технологии»,1
u476,Вопросы для оценки направления «Информационные технологии»,1
u167,Вопросы для оценки направления «Информационные технологии»,1
u1238,Вопросы для оценки направления «Информационные технологии»,1
u1530,Вопросы для оценки направления «Информационные технологии»,1
u1245,Вопросы для оценки направления «Информационные технологии»,1
u1248,Вопросы для оценки направления «Информационные технологии»,1
u846,Вопросы для оценки направления «Информационные технологии»,1
u1249,Вопросы для оценки направления «Информационные технологии»,1
u1990,Вопросы для оценки направления «Информационные технологии»,1
u696,Вопросы для оценки направления «Информационные технологии»,1
u1423,Вопросы для оценки направления «Информационные технологии»,1
u1805,Вопросы для оценки направления «Информационные технологии»,1
u939,Вопросы для оценки направления «Информационные технологии»,1
u1987,Вопросы для оценки направления «Информационные технологии»,1
u556,Вопросы для оценки направления «Информационные технологии»,1
u293,Вопросы для оценки направления «Информационные технологии»,1
u1853,Вопросы для оценки направления «Информационные технологии»,1
u1824,Вопросы для оценки направления «Информационные технологии»,1
u1836,Вопросы для оценки направления «Информационные технологии»,1
u750,Вопросы для оценки направления «Информационные технологии»,1
u562,Вопросы для оценки направления «Информационные технологии»,1
u870,Вопросы для оценки направления «Информационные технологии»,1
u1283,Вопросы для оценки направления «Информационные технологии»,1
u174,Вопросы для оценки направления «Информационные технологии»,1
u1956,Вопросы для оценки направления «Информационные технологии»,1
u1338,Вопросы для оценки направления «Информационные технологии»,1
u1981,Вопросы для оценки направления «Информационные технологии»,1
u1877,Вопросы для оценки направления «Информационные технологии»,1
u2107,Вопросы для оценки направления «Информационные технологии»,1
u376,Вопросы для оценки направления «Информационные технологии»,1
u1287,Вопросы для оценки направления «Информационные технологии»,1
u1748,Вопросы для оценки направления «Информационные технологии»,1
u1859,Вопросы для оценки направления «Информационные технологии»,1
u540,Вопросы для отдела подбора,1
u913,Вопросы для отдела подбора,1
u644,Вопросы для отдела подбора,1
u2045,Вопросы для отдела подбора,1
u788,Вопросы для отдела подбора,1
u345,Вопросы для отдела подбора,1
u1337,Вопросы для отдела подбора,1
u911,Вопросы для отдела подбора,1
u926,Вопросы для отдела подбора,1
u987,Вопросы для отдела подбора,1
u988,Вопросы для отдела подбора,1
u806,Вопросы для отдела подбора,1
u1371,Вопросы для отдела подбора,1
u62,Вопросы для отдела подбора,1
u1305,Вопросы для отдела подбора,1
u331,Вопросы для отдела подбора,1
u1589,Вопросы для отдела подбора,1
u2057,Вопросы для отдела подбора,1
u855,Вопросы для отдела подбора,1
u1374,Вопросы для отдела подбора,1
u1492,Вопросы для отдела подбора,1
u543,Вопросы для отдела подбора,1
u1810,Вопросы для отдела подбора,1
u119,Вопросы для отдела подбора,1
u1777,Вопросы для отдела подбора,1
u9,Вопросы для отдела подбора,1
u146,Вопросы для отдела подбора,1
u1951,Вопросы для отдела подбора,1
u2060,Вопросы для отдела подбора,1
u1605,Вопросы для отдела подбора,1
u124,Вопросы для отдела подбора,1
u1009,Вопросы для отдела подбора,1
u1011,Вопросы для отдела подбора,1
u583,Вопросы для отдела подбора,1
u1406,Вопросы для отдела подбора,1
u126,Вопросы для отдела подбора,1
u1494,Вопросы для отдела подбора,1
u1779,Вопросы для отдела подбора,1
u1692,Вопросы для отдела подбора,1
u1446,Вопросы для отдела подбора,1
u1792,Вопросы для отдела подбора,1
u147,Вопросы для отдела подбора,1
u1652,Вопросы для отдела подбора,1
u2119,Вопросы для отдела подбора,1
u268,Вопросы для отдела подбора,1
u882,Вопросы для отдела подбора,1
u1038,Вопросы для отдела подбора,1
u2001,Вопросы для отдела подбора,1
u10,Вопросы для отдела подбора,1
u1960,Вопросы для отдела подбора,1
u1536,Вопросы для отдела подбора,1
u1046,Вопросы для отдела подбора,1
u1052,Вопросы для отдела подбора,1
u1054,Вопросы для отдела подбора,1
u245,Вопросы для отдела подбора,1
u884,Вопросы для отдела подбора,1
u1057,Вопросы для отдела подбора,1
u2012,Вопросы для отдела подбора,1
u958,Вопросы для отдела подбора,1
u418,Вопросы для отдела подбора,1
u1350,Вопросы для отдела подбора,1
u404,Вопросы для отдела подбора,1
u1766,Вопросы для отдела подбора,1
u885,Вопросы для отдела подбора,1
u32,Вопросы для отдела подбора,1
u374,Вопросы для отдела подбора,1
u549,Вопросы для отдела подбора,1
u405,Вопросы для отдела подбора,1
u1298,Вопросы для отдела подбора,1
u700,Вопросы для отдела подбора,1
u110,Вопросы для отдела подбора,1
u962,Вопросы для отдела подбора,1
u2098,Вопросы для отдела подбора,1
u1098,Вопросы для отдела подбора,1
u1513,Вопросы для отдела подбора,1
u207,Вопросы для отдела подбора,1
u455,Вопросы для отдела подбора,1
u2027,Вопросы для отдела подбора,1
u335,Вопросы для отдела подбора,1
u1106,Вопросы для отдела подбора,1
u421,Вопросы для отдела подбора,1
u890,Вопросы для отдела подбора,1
u1716,Вопросы для отдела подбора,1
u1532,Вопросы для отдела подбора,1
u1993,Вопросы для отдела подбора,1
u2061,Вопросы для отдела подбора,1
u1115,Вопросы для отдела подбора,1
u566,Вопросы для отдела подбора,1
u51,Вопросы для отдела подбора,1
u49,Вопросы для отдела подбора,1
u168,Вопросы для отдела подбора,1
u113,Вопросы для отдела подбора,1
u776,Вопросы для отдела подбора,1
u1132,Вопросы для отдела подбора,1
u1629,Вопросы для отдела подбора,1
u1719,Вопросы для отдела подбора,1
u1936,Вопросы для отдела подбора,1
u254,Вопросы для отдела подбора,1
u2065,Вопросы для отдела подбора,1
u1720,Вопросы для отдела подбора,1
u1785,Вопросы для отдела подбора,1
u1163,Вопросы для отдела подбора,1
u717,Вопросы для отдела подбора,1
u1164,Вопросы для отдела подбора,1
u706,Вопросы для отдела подбора,1
u1826,Вопросы для отдела подбора,1
u2093,Вопросы для отдела подбора,1
u1741,Вопросы для отдела подбора,1
u1991,Вопросы для отдела подбора,1
u220,Вопросы для отдела подбора,1
u1534,Вопросы для отдела подбора,1
u522,Вопросы для отдела подбора,1
u1499,Вопросы для отдела подбора,1
u1213,Вопросы для отдела подбора,1
u1914,Вопросы для отдела подбора,1
u1615,Вопросы для отдела подбора,1
u1182,Вопросы для отдела подбора,1
u390,Вопросы для отдела подбора,1
u125,Вопросы для отдела подбора,1
u131,Вопросы для отдела подбора,1
u639,Вопросы для отдела подбора,1
u1315,Вопросы для отдела подбора,1
u416,Вопросы для отдела подбора,1
u46,Вопросы для отдела подбора,1
u894,Вопросы для отдела подбора,1
u1216,Вопросы для отдела подбора,1
u1880,Вопросы для отдела подбора,1
u839,Вопросы для отдела подбора,1
u1222,Вопросы для отдела подбора,1
u1395,Вопросы для отдела подбора,1
u2096,Вопросы для отдела подбора,1
u799,Вопросы для отдела подбора,1
u1228,Вопросы для отдела подбора,1
u1237,Вопросы для отдела подбора,1
u840,Вопросы для отдела подбора,1
u299,Вопросы для отдела подбора,1
u167,Вопросы для отдела подбора,1
u1238,Вопросы для отдела подбора,1
u1530,Вопросы для отдела подбора,1
u1245,Вопросы для отдела подбора,1
u846,Вопросы для отдела подбора,1
u1249,Вопросы для отдела подбора,1
u696,Вопросы для отдела подбора,1
u1423,Вопросы для отдела подбора,1
u1805,Вопросы для отдела подбора,1
u939,Вопросы для отдела подбора,1
u1987,Вопросы для отдела подбора,1
u556,Вопросы для отдела подбора,1
u293,Вопросы для отдела подбора,1
u1853,Вопросы для отдела подбора,1
u1824,Вопросы для отдела подбора,1
u750,Вопросы для отдела подбора,1
u870,Вопросы для отдела подбора,1
u1956,Вопросы для отдела подбора,1
u1981,Вопросы для отдела подбора,1
u1877,Вопросы для отдела подбора,1
u2107,Вопросы для отдела подбора,1
u1287,Вопросы для отдела подбора,1
u1748,Вопросы для отдела подбора,1
u1859,Вопросы для отдела подбора,1
u553,Вопросы для отдела подбора,1
u473,Ассортимент ноутбуков,1
u540,Ассортимент ноутбуков,1
u644,Ассортимент ноутбуков,1
u1402,Ассортимент ноутбуков,1
u1819,Ассортимент ноутбуков,1
u1918,Ассортимент ноутбуков,1
u788,Ассортимент ноутбуков,1
u876,Ассортимент ноутбуков,1
u263,Ассортимент ноутбуков,1
u560,Ассортимент ноутбуков,1
u774,Ассортимент ноутбуков,1
u780,Ассортимент ноутбуков,1
u1491,Ассортимент ноутбуков,1
u1903,Ассортимент ноутбуков,1
u1403,Ассортимент ноутбуков,1
u983,Ассортимент ноутбуков,1
u1822,Ассортимент ноутбуков,1
u654,Ассортимент ноутбуков,1
u1685,Ассортимент ноутбуков,1
u475,Ассортимент ноутбуков,1
u743,Ассортимент ноутбуков,1
u992,Ассортимент ноутбуков,1
u65,Ассортимент ноутбуков,1
u1372,Ассортимент ноутбуков,1
u1305,Ассортимент ноутбуков,1
u1977,Ассортимент ноутбуков,1
u230,Ассортимент ноутбуков,1
u588,Ассортимент ноутбуков,1
u561,Ассортимент ноутбуков,1
u66,Ассортимент ноутбуков,1
u198,Ассортимент ноутбуков,1
u199,Ассортимент ноутбуков,1
u1310,Ассортимент ноутбуков,1
u763,Ассортимент ноутбуков,1
u2057,Ассортимент ноутбуков,1
u1847,Ассортимент ноутбуков,1
u1323,Ассортимент ноутбуков,1
u1923,Ассортимент ноутбуков,1
u1374,Ассортимент ноутбуков,1
u189,Ассортимент ноутбуков,1
u1492,Ассортимент ноутбуков,1
u543,Ассортимент ноутбуков,1
u531,Ассортимент ноутбуков,1
u382,Ассортимент ноутбуков,1
u1703,Ассортимент ноутбуков,1
u2084,Ассортимент ноутбуков,1
u146,Ассортимент ноутбуков,1
u1005,Ассортимент ноутбуков,1
u1357,Ассортимент ноутбуков,1
u1704,Ассортимент ноутбуков,1
u1006,Ассортимент ноутбуков,1
u829,Ассортимент ноутбуков,1
u1894,Ассортимент ноутбуков,1
u1727,Ассортимент ноутбуков,1
u124,Ассортимент ноутбуков,1
u1027,Ассортимент ноутбуков,1
u1812,Ассортимент ноутбуков,1
u1813,Ассортимент ноутбуков,1
u1834,Ассортимент ноутбуков,1
u583,Ассортимент ноутбуков,1
u1607,Ассортимент ноутбуков,1
u1405,Ассортимент ноутбуков,1
u880,Ассортимент ноутбуков,1
u1706,Ассортимент ноутбуков,1
u1013,Ассортимент ноутбуков,1
u1406,Ассортимент ноутбуков,1
u2085,Ассортимент ноутбуков,1
u47,Ассортимент ноутбуков,1
u126,Ассортимент ноутбуков,1
u2010,Ассортимент ноутбуков,1
u1779,Ассортимент ноутбуков,1
u1707,Ассортимент ноутбуков,1
u1398,Ассортимент ноутбуков,1
u722,Ассортимент ноутбуков,1
u348,Ассортимент ноутбуков,1
u152,Ассортимент ноутбуков,1
u865,Ассортимент ноутбуков,1
u544,Ассортимент ноутбуков,1
u1825,Ассортимент ноутбуков,1
u7,Ассортимент ноутбуков,1
u269,Ассортимент ноутбуков,1
u1485,Ассортимент ноутбуков,1
u576,Ассортимент ноутбуков,1
u1626,Ассортимент ноутбуков,1
u2000,Ассортимент ноутбуков,1
u268,Ассортимент ноутбуков,1
u1763,Ассортимент ноутбуков,1
u1941,Ассортимент ноутбуков,1
u236,Ассортимент ноутбуков,1
u1850,Ассортимент ноутбуков,1
u38,Ассортимент ноутбуков,1
u2081,Ассортимент ноутбуков,1
u474,Ассортимент ноутбуков,1
u1038,Ассортимент ноутбуков,1
u1602,Ассортимент ноутбуков,1
u1043,Ассортимент ноутбуков,1
u1044,Ассортимент ноутбуков,1
u1942,Ассортимент ноутбуков,1
u1611,Ассортимент ноутбуков,1
u1730,Ассортимент ноутбуков,1
u1729,Ассортимент ноутбуков,1
u169,Ассортимент ноутбуков,1
u596,Ассортимент ноутбуков,1
u793,Ассортимент ноутбуков,1
u1522,Ассортимент ноутбуков,1
u2012,Ассортимент ноутбуков,1
u794,Ассортимент ноутбуков,1
u820,Ассортимент ноутбуков,1
u1581,Ассортимент ноутбуков,1
u1972,Ассортимент ноутбуков,1
u2047,Ассортимент ноутбуков,1
u1910,Ассортимент ноутбуков,1
u68,Ассортимент ноутбуков,1
u1559,Ассортимент ноутбуков,1
u57,Ассортимент ноутбуков,1
u2020,Ассортимент ноутбуков,1
u1765,Ассортимент ноутбуков,1
u465,Ассортимент ноутбуков,1
u1,Ассортимент ноутбуков,1
u549,Ассортимент ноутбуков,1
u2058,Ассортимент ноутбуков,1
u1439,Ассортимент ноутбуков,1
u1732,Ассортимент ноутбуков,1
u569,Ассортимент ноутбуков,1
u1298,Ассортимент ноутбуков,1
u700,Ассортимент ноутбуков,1
u2078,Ассортимент ноутбуков,1
u110,Ассортимент ноутбуков,1
u962,Ассортимент ноутбуков,1
u1866,Ассортимент ноутбуков,1
u143,Ассортимент ноутбуков,1
u664,Ассортимент ноутбуков,1
u1548,Ассортимент ноутбуков,1
u185,Ассортимент ноутбуков,1
u492,Ассортимент ноутбуков,1
u120,Ассортимент ноутбуков,1
u21,Ассортимент ноутбуков,1
u1513,Ассортимент ноутбуков,1
u1694,Ассортимент ноутбуков,1
u564,Ассортимент ноутбуков,1
u1801,Ассортимент ноутбуков,1
u2027,Ассортимент ноутбуков,1
u8,Ассортимент ноутбуков,1
u208,Ассортимент ноутбуков,1
u1713,Ассортимент ноутбуков,1
u33,Ассортимент ноутбуков,1
u1974,Ассортимент ноутбуков,1
u1562,Ассортимент ноутбуков,1
u1107,Ассортимент ноутбуков,1
u1975,Ассортимент ноутбуков,1
u2089,Ассортимент ноутбуков,1
u832,Ассортимент ноутбуков,1
u598,Ассортимент ноутбуков,1
u1958,Ассортимент ноутбуков,1
u1715,Ассортимент ноутбуков,1
u1584,Ассортимент ноутбуков,1
u2021,Ассортимент ноутбуков,1
u1291,Ассортимент ноутбуков,1
u1843,Ассортимент ноутбуков,1
u623,Ассортимент ноутбуков,1
u2073,Ассортимент ноутбуков,1
u1736,Ассортимент ноутбуков,1
u1668,Ассортимент ноутбуков,1
u947,Ассортимент ноутбуков,1
u1361,Ассортимент ноутбуков,1
u2074,Ассортимент ноутбуков,1
u40,Ассортимент ноутбуков,1
u1817,Ассортимент ноутбуков,1
u1328,Ассортимент ноутбуков,1
u1399,Ассортимент ноутбуков,1
u1124,Ассортимент ноутбуков,1
u566,Ассортимент ноутбуков,1
u51,Ассортимент ноутбуков,1
u209,Ассортимент ноутбуков,1
u49,Ассортимент ноутбуков,1
u1385,Ассортимент ноутбуков,1
u1591,Ассортимент ноутбуков,1
u369,Ассортимент ноутбуков,1
u2091,Ассортимент ноутбуков,1
u1890,Ассортимент ноутбуков,1
u636,Ассортимент ноутбуков,1
u193,Ассортимент ноутбуков,1
u1128,Ассортимент ноутбуков,1
u776,Ассортимент ноутбуков,1
u637,Ассортимент ноутбуков,1
u567,Ассортимент ноутбуков,1
u1438,Ассортимент ноутбуков,1
u329,Ассортимент ноутбуков,1
u2014,Ассортимент ноутбуков,1
u849,Ассортимент ноутбуков,1
u1718,Ассортимент ноутбуков,1
u1816,Ассортимент ноутбуков,1
u297,Ассортимент ноутбуков,1
u2042,Ассортимент ноутбуков,1
u1913,Ассортимент ноутбуков,1
u1299,Ассортимент ноутбуков,1
u1629,Ассортимент ноутбуков,1
u1921,Ассортимент ноутбуков,1
u1957,Ассортимент ноутбуков,1
u1564,Ассортимент ноутбуков,1
u1144,Ассортимент ноутбуков,1
u1145,Ассортимент ноутбуков,1
u1141,Ассортимент ноутбуков,1
u1835,Ассортимент ноутбуков,1
u1088,Ассортимент ноутбуков,1
u213,Ассортимент ноутбуков,1
u854,Ассортимент ноутбуков,1
u1578,Ассортимент ноутбуков,1
u618,Ассортимент ноутбуков,1
u1151,Ассортимент ноутбуков,1
u892,Ассортимент ноутбуков,1
u687,Ассортимент ноутбуков,1
u1719,Ассортимент ноутбуков,1
u1460,Ассортимент ноутбуков,1
u373,Ассортимент ноутбуков,1
u824,Ассортимент ноутбуков,1
u1784,Ассортимент ноутбуков,1
u1863,Ассортимент ноутбуков,1
u270,Ассортимент ноутбуков,1
u344,Ассортимент ноутбуков,1
u1966,Ассортимент ноутбуков,1
u1697,Ассортимент ноутбуков,1
u2112,Ассортимент ноутбуков,1
u922,Ассортимент ноутбуков,1
u1159,Ассортимент ноутбуков,1
u1970,Ассортимент ноутбуков,1
u2092,Ассортимент ноутбуков,1
u1995,Ассортимент ноутбуков,1
u15,Ассортимент ноутбуков,1
u2015,Ассортимент ноутбуков,1
u1720,Ассортимент ноутбуков,1
u469,Ассортимент ноутбуков,1
u1505,Ассортимент ноутбуков,1
u662,Ассортимент ноутбуков,1
u459,Ассортимент ноутбуков,1
u2093,Ассортимент ноутбуков,1
u216,Ассортимент ноутбуков,1
u460,Ассортимент ноутбуков,1
u1483,Ассортимент ноутбуков,1
u1362,Ассортимент ноутбуков,1
u63,Ассортимент ноутбуков,1
u1739,Ассортимент ноутбуков,1
u1788,Ассортимент ноутбуков,1
u1741,Ассортимент ноутбуков,1
u266,Ассортимент ноутбуков,1
u220,Ассортимент ноутбуков,1
u150,Ассортимент ноутбуков,1
u1436,Ассортимент ноутбуков,1
u718,Ассортимент ноутбуков,1
u20,Ассортимент ноутбуков,1
u919,Ассортимент ноутбуков,1
u255,Ассортимент ноутбуков,1
u2008,Ассортимент ноутбуков,1
u2023,Ассортимент ноутбуков,1
u1742,Ассортимент ноутбуков,1
u50,Ассортимент ноутбуков,1
u1914,Ассортимент ноутбуков,1
u1884,Ассортимент ноутбуков,1
u1401,Ассортимент ноутбуков,1
u71,Ассортимент ноутбуков,1
u1743,Ассортимент ноутбуков,1
u221,Ассортимент ноутбуков,1
u523,Ассортимент ноутбуков,1
u1724,Ассортимент ноутбуков,1
u1204,Ассортимент ноутбуков,1
u500,Ассортимент ноутбуков,1
u92,Ассортимент ноутбуков,1
u639,Ассортимент ноутбуков,1
u1210,Ассортимент ноутбуков,1
u836,Ассортимент ноутбуков,1
u1985,Ассортимент ноутбуков,1
u1315,Ассортимент ноутбуков,1
u1616,Ассортимент ноутбуков,1
u1876,Ассортимент ноутбуков,1
u645,Ассортимент ноутбуков,1
u352,Ассортимент ноутбуков,1
u222,Ассортимент ноутбуков,1
u1880,Ассортимент ноутбуков,1
u223,Ассортимент ноутбуков,1
u334,Ассортимент ноутбуков,1
u320,Ассортимент ноутбуков,1
u1786,Ассортимент ноутбуков,1
u1416,Ассортимент ноутбуков,1
u1839,Ассортимент ноутбуков,1
u14,Ассортимент ноутбуков,1
u224,Ассортимент ноутбуков,1
u2096,Ассортимент ноутбуков,1
u799,Ассортимент ноутбуков,1
u225,Ассортимент ноутбуков,1
u2016,Ассортимент ноутбуков,1
u1915,Ассортимент ноутбуков,1
u1833,Ассортимент ноутбуков,1
u238,Ассортимент ноутбуков,1
u840,Ассортимент ноутбуков,1
u173,Ассортимент ноутбуков,1
u1503,Ассортимент ноутбуков,1
u476,Ассортимент ноутбуков,1
u1360,Ассортимент ноутбуков,1
u136,Ассортимент ноутбуков,1
u167,Ассортимент ноутбуков,1
u800,Ассортимент ноутбуков,1
u1535,Ассортимент ноутбуков,1
u1920,Ассортимент ноутбуков,1
u676,Ассортимент ноутбуков,1
u2048,Ассортимент ноутбуков,1
u1530,Ассортимент ноутбуков,1
u591,Ассортимент ноутбуков,1
u98,Ассортимент ноутбуков,1
u1680,Ассортимент ноутбуков,1
u1433,Ассортимент ноутбуков,1
u684,Ассортимент ноутбуков,1
u813,Ассортимент ноутбуков,1
u226,Ассортимент ноутбуков,1
u846,Ассортимент ноутбуков,1
u130,Ассортимент ноутбуков,1
u1254,Ассортимент ноутбуков,1
u950,Ассортимент ноутбуков,1
u754,Ассортимент ноутбуков,1
u1256,Ассортимент ноутбуков,1
u1599,Ассортимент ноутбуков,1
u96,Ассортимент ноутбуков,1
u1749,Ассортимент ноутбуков,1
u1258,Ассортимент ноутбуков,1
u1423,Ассортимент ноутбуков,1
u1628,Ассортимент ноутбуков,1
u1840,Ассортимент ноутбуков,1
u556,Ассортимент ноутбуков,1
u293,Ассортимент ноутбуков,1
u805,Ассортимент ноутбуков,1
u814,Ассортимент ноутбуков,1
u1853,Ассортимент ноутбуков,1
u966,Ассортимент ноутбуков,1
u1824,Ассортимент ноутбуков,1
u908,Ассортимент ноутбуков,1
u760,Ассортимент ноутбуков,1
u921,Ассортимент ноутбуков,1
u2051,Ассортимент ноутбуков,1
u1603,Ассортимент ноутбуков,1
u641,Ассортимент ноутбуков,1
u750,Ассортимент ноутбуков,1
u1579,Ассортимент ноутбуков,1
u6,Ассортимент ноутбуков,1
u1687,Ассортимент ноутбуков,1
u524,Ассортимент ноутбуков,1
u901,Ассортимент ноутбуков,1
u586,Ассортимент ноутбуков,1
u271,Ассортимент ноутбуков,1
u562,Ассортимент ноутбуков,1
u358,Ассортимент ноутбуков,1
u23,Ассортимент ноутбуков,1
u491,Ассортимент ноутбуков,1
u60,Ассортимент ноутбуков,1
u1956,Ассортимент ноутбуков,1
u1620,Ассортимент ноутбуков,1
u1721,Ассортимент ноутбуков,1
u1722,Ассортимент ноутбуков,1
u1338,Ассортимент ноутбуков,1
u1981,Ассортимент ноутбуков,1
u2017,Ассортимент ноутбуков,1
u784,Ассортимент ноутбуков,1
u1877,Ассортимент ноутбуков,1
u2076,Ассортимент ноутбуков,1
u1311,Ассортимент ноутбуков,1
u1504,Ассортимент ноутбуков,1
u1332,Ассортимент ноутбуков,1
u1546,Ассортимент ноутбуков,1
u1390,Ассортимент ноутбуков,1
u228,Ассортимент ноутбуков,1
u53,Ассортимент ноутбуков,1
u1445,Ассортимент ноутбуков,1
u688,Ассортимент ноутбуков,1
u229,Ассортимент ноутбуков,1
u788,Анкеты для управляющих для тренинга Управление изменениями,1
u1374,Анкеты для управляющих для тренинга Управление изменениями,1
u549,Анкеты для управляющих для тренинга Управление изменениями,1
u2027,Анкеты для управляющих для тренинга Управление изменениями,1
u2093,Анкеты для управляющих для тренинга Управление изменениями,1
u1315,Анкеты для управляющих для тренинга Управление изменениями,1
u1880,Анкеты для управляющих для тренинга Управление изменениями,1
u840,Анкеты для управляющих для тренинга Управление изменениями,1
u1680,Анкеты для управляющих для тренинга Управление изменениями,1
u524,Анкеты для управляющих для тренинга Управление изменениями,1
u562,Анкеты для управляющих для тренинга Управление изменениями,1
u1625,Анкеты для управляющих для тренинга Управление изменениями,1
u1981,Анкеты для управляющих для тренинга Управление изменениями,1
u553,Анкета Опроса.,1
u941,Анкета Опроса.,1
u1855,Анкета Опроса.,1
u1644,Анкета Опроса.,1
u1598,Анкета Опроса.,1
u913,Анкета Опроса.,1
u644,Анкета Опроса.,1
u1402,Анкета Опроса.,1
u25,Анкета Опроса.,1
u1864,Анкета Опроса.,1
u512,Анкета Опроса.,1
u1819,Анкета Опроса.,1
u1918,Анкета Опроса.,1
u1325,Анкета Опроса.,1
u1624,Анкета Опроса.,1
u1455,Анкета Опроса.,1
u976,Анкета Опроса.,1
u876,Анкета Опроса.,1
u2046,Анкета Опроса.,1
u560,Анкета Опроса.,1
u878,Анкета Опроса.,1
u515,Анкета Опроса.,1
u258,Анкета Опроса.,1
u774,Анкета Опроса.,1
u736,Анкета Опроса.,1
u906,Анкета Опроса.,1
u1491,Анкета Опроса.,1
u1903,Анкета Опроса.,1
u2035,Анкета Опроса.,1
u1688,Анкета Опроса.,1
u841,Анкета Опроса.,1
u686,Анкета Опроса.,1
u537,Анкета Опроса.,1
u822,Анкета Опроса.,1
u1403,Анкета Опроса.,1
u2082,Анкета Опроса.,1
u1330,Анкета Опроса.,1
u654,Анкета Опроса.,1
u986,Анкета Опроса.,1
u249,Анкета Опроса.,1
u300,Анкета Опроса.,1
u1260,Анкета Опроса.,1
u806,Анкета Опроса.,1
u989,Анкета Опроса.,1
u475,Анкета Опроса.,1
u743,Анкета Опроса.,1
u961,Анкета Опроса.,1
u992,Анкета Опроса.,1
u62,Анкета Опроса.,1
u1372,Анкета Опроса.,1
u1305,Анкета Опроса.,1
u2005,Анкета Опроса.,1
u106,Анкета Опроса.,1
u1463,Анкета Опроса.,1
u2037,Анкета Опроса.,1
u1952,Анкета Опроса.,1
u227,Анкета Опроса.,1
u356,Анкета Опроса.,1
u713,Анкета Опроса.,1
u1829,Анкета Опроса.,1
u230,Анкета Опроса.,1
u828,Анкета Опроса.,1
u588,Анкета Опроса.,1
u1541,Анкета Опроса.,1
u948,Анкета Опроса.,1
u81,Анкета Опроса.,1
u199,Анкета Опроса.,1
u1310,Анкета Опроса.,1
u763,Анкета Опроса.,1
u1797,Анкета Опроса.,1
u1992,Анкета Опроса.,1
u755,Анкета Опроса.,1
u503,Анкета Опроса.,1
u2057,Анкета Опроса.,1
u1847,Анкета Опроса.,1
u1323,Анкета Опроса.,1
u1753,Анкета Опроса.,1
u1923,Анкета Опроса.,1
u244,Анкета Опроса.,1
u1750,Анкета Опроса.,1
u1374,Анкета Опроса.,1
u189,Анкета Опроса.,1
u1492,Анкета Опроса.,1
u2080,Анкета Опроса.,1
u1003,Анкета Опроса.,1
u200,Анкета Опроса.,1
u766,Анкета Опроса.,1
u89,Анкета Опроса.,1
u502,Анкета Опроса.,1
u1281,Анкета Опроса.,1
u879,Анкета Опроса.,1
u652,Анкета Опроса.,1
u633,Анкета Опроса.,1
u1907,Анкета Опроса.,1
u789,Анкета Опроса.,1
u1308,Анкета Опроса.,1
u146,Анкета Опроса.,1
u1951,Анкета Опроса.,1
u535,Анкета Опроса.,1
u2060,Анкета Опроса.,1
u1005,Анкета Опроса.,1
u590,Анкета Опроса.,1
u1357,Анкета Опроса.,1
u239,Анкета Опроса.,1
u1569,Анкета Опроса.,1
u1705,Анкета Опроса.,1
u16,Анкета Опроса.,1
u853,Анкета Опроса.,1
u103,Анкета Опроса.,1
u829,Анкета Опроса.,1
u264,Анкета Опроса.,1
u1894,Анкета Опроса.,1
u124,Анкета Опроса.,1
u341,Анкета Опроса.,1
u1812,Анкета Опроса.,1
u1813,Анкета Опроса.,1
u1925,Анкета Опроса.,1
u1364,Анкета Опроса.,1
u1834,Анкета Опроса.,1
u1011,Анкета Опроса.,1
u690,Анкета Опроса.,1
u816,Анкета Опроса.,1
u1723,Анкета Опроса.,1
u744,Анкета Опроса.,1
u715,Анкета Опроса.,1
u888,Анкета Опроса.,1
u203,Анкета Опроса.,1
u1962,Анкета Опроса.,1
u845,Анкета Опроса.,1
u1405,Анкета Опроса.,1
u1376,Анкета Опроса.,1
u1608,Анкета Опроса.,1
u1582,Анкета Опроса.,1
u1013,Анкета Опроса.,1
u1963,Анкета Опроса.,1
u175,Анкета Опроса.,1
u1015,Анкета Опроса.,1
u1456,Анкета Опроса.,1
u712,Анкета Опроса.,1
u1406,Анкета Опроса.,1
u1928,Анкета Опроса.,1
u1339,Анкета Опроса.,1
u415,Анкета Опроса.,1
u1892,Анкета Опроса.,1
u931,Анкета Опроса.,1
u1964,Анкета Опроса.,1
u578,Анкета Опроса.,1
u1799,Анкета Опроса.,1
u47,Анкета Опроса.,1
u2019,Анкета Опроса.,1
u1420,Анкета Опроса.,1
u126,Анкета Опроса.,1
u2010,Анкета Опроса.,1
u930,Анкета Опроса.,1
u1083,Анкета Опроса.,1
u1779,Анкета Опроса.,1
u1398,Анкета Опроса.,1
u558,Анкета Опроса.,1
u722,Анкета Опроса.,1
u330,Анкета Опроса.,1
u1691,Анкета Опроса.,1
u995,Анкета Опроса.,1
u582,Анкета Опроса.,1
u1379,Анкета Опроса.,1
u504,Анкета Опроса.,1
u865,Анкета Опроса.,1
u1940,Анкета Опроса.,1
u1825,Анкета Опроса.,1
u1968,Анкета Опроса.,1
u1422,Анкета Опроса.,1
u2086,Анкета Опроса.,1
u768,Анкета Опроса.,1
u1030,Анкета Опроса.,1
u1939,Анкета Опроса.,1
u1485,Анкета Опроса.,1
u576,Анкета Опроса.,1
u1626,Анкета Опроса.,1
u689,Анкета Опроса.,1
u1811,Анкета Опроса.,1
u184,Анкета Опроса.,1
u111,Анкета Опроса.,1
u1175,Анкета Опроса.,1
u268,Анкета Опроса.,1
u1763,Анкета Опроса.,1
u1941,Анкета Опроса.,1
u236,Анкета Опроса.,1
u1850,Анкета Опроса.,1
u957,Анкета Опроса.,1
u38,Анкета Опроса.,1
u2081,Анкета Опроса.,1
u1708,Анкета Опроса.,1
u693,Анкета Опроса.,1
u474,Анкета Опроса.,1
u909,Анкета Опроса.,1
u1038,Анкета Опроса.,1
u1602,Анкета Опроса.,1
u2001,Анкета Опроса.,1
u1393,Анкета Опроса.,1
u762,Анкета Опроса.,1
u1042,Анкета Опроса.,1
u1709,Анкета Опроса.,1
u1593,Анкета Опроса.,1
u231,Анкета Опроса.,1
u883,Анкета Опроса.,1
u933,Анкета Опроса.,1
u1717,Анкета Опроса.,1
u1120,Анкета Опроса.,1
u960,Анкета Опроса.,1
u56,Анкета Опроса.,1
u1044,Анкета Опроса.,1
u191,Анкета Опроса.,1
u316,Анкета Опроса.,1
u1511,Анкета Опроса.,1
u1909,Анкета Опроса.,1
u1611,Анкета Опроса.,1
u1049,Анкета Опроса.,1
u13,Анкета Опроса.,1
u1730,Анкета Опроса.,1
u738,Анкета Опроса.,1
u592,Анкета Опроса.,1
u245,Анкета Опроса.,1
u1612,Анкета Опроса.,1
u332,Анкета Опроса.,1
u169,Анкета Опроса.,1
u1169,Анкета Опроса.,1
u133,Анкета Опроса.,1
u596,Анкета Опроса.,1
u793,Анкета Опроса.,1
u438,Анкета Опроса.,1
u692,Анкета Опроса.,1
u727,Анкета Опроса.,1
u346,Анкета Опроса.,1
u1522,Анкета Опроса.,1
u2012,Анкета Опроса.,1
u815,Анкета Опроса.,1
u958,Анкета Опроса.,1
u527,Анкета Опроса.,1
u820,Анкета Опроса.,1
u354,Анкета Опроса.,1
u11,Анкета Опроса.,1
u1959,Анкета Опроса.,1
u1359,Анкета Опроса.,1
u605,Анкета Опроса.,1
u1800,Анкета Опроса.,1
u753,Анкета Опроса.,1
u699,Анкета Опроса.,1
u2047,Анкета Опроса.,1
u964,Анкета Опроса.,1
u1427,Анкета Опроса.,1
u1365,Анкета Опроса.,1
u2024,Анкета Опроса.,1
u740,Анкета Опроса.,1
u525,Анкета Опроса.,1
u1910,Анкета Опроса.,1
u298,Анкета Опроса.,1
u68,Анкета Опроса.,1
u1189,Анкета Опроса.,1
u630,Анкета Опроса.,1
u205,Анкета Опроса.,1
u57,Анкета Опроса.,1
u2020,Анкета Опроса.,1
u78,Анкета Опроса.,1
u811,Анкета Опроса.,1
u1901,Анкета Опроса.,1
u705,Анкета Опроса.,1
u549,Анкета Опроса.,1
u27,Анкета Опроса.,1
u2058,Анкета Опроса.,1
u1439,Анкета Опроса.,1
u324,Анкета Опроса.,1
u1732,Анкета Опроса.,1
u1298,Анкета Опроса.,1
u232,Анкета Опроса.,1
u700,Анкета Опроса.,1
u1869,Анкета Опроса.,1
u1512,Анкета Опроса.,1
u2078,Анкета Опроса.,1
u110,Анкета Опроса.,1
u520,Анкета Опроса.,1
u1487,Анкета Опроса.,1
u496,Анкета Опроса.,1
u1911,Анкета Опроса.,1
u962,Анкета Опроса.,1
u1866,Анкета Опроса.,1
u804,Анкета Опроса.,1
u1651,Анкета Опроса.,1
u1382,Анкета Опроса.,1
u2066,Анкета Опроса.,1
u664,Анкета Опроса.,1
u907,Анкета Опроса.,1
u1177,Анкета Опроса.,1
u1548,Анкета Опроса.,1
u1872,Анкета Опроса.,1
u746,Анкета Опроса.,1
u1391,Анкета Опроса.,1
u492,Анкета Опроса.,1
u606,Анкета Опроса.,1
u1424,Анкета Опроса.,1
u287,Анкета Опроса.,1
u2098,Анкета Опроса.,1
u533,Анкета Опроса.,1
u120,Анкета Опроса.,1
u21,Анкета Опроса.,1
u1477,Анкета Опроса.,1
u1734,Анкета Опроса.,1
u1927,Анкета Опроса.,1
u1694,Анкета Опроса.,1
u564,Анкета Опроса.,1
u1801,Анкета Опроса.,1
u1802,Анкета Опроса.,1
u2027,Анкета Опроса.,1
u1415,Анкета Опроса.,1
u1623,Анкета Опроса.,1
u8,Анкета Опроса.,1
u1686,Анкета Опроса.,1
u938,Анкета Опроса.,1
u1865,Анкета Опроса.,1
u940,Анкета Опроса.,1
u1974,Анкета Опроса.,1
u927,Анкета Опроса.,1
u872,Анкета Опроса.,1
u724,Анкета Опроса.,1
u1107,Анкета Опроса.,1
u580,Анкета Опроса.,1
u1528,Анкета Опроса.,1
u2089,Анкета Опроса.,1
u1678,Анкета Опроса.,1
u611,Анкета Опроса.,1
u1690,Анкета Опроса.,1
u551,Анкета Опроса.,1
u1524,Анкета Опроса.,1
u1314,Анкета Опроса.,1
u1715,Анкета Опроса.,1
u757,Анкета Опроса.,1
u80,Анкета Опроса.,1
u1584,Анкета Опроса.,1
u2021,Анкета Опроса.,1
u1291,Анкета Опроса.,1
u1993,Анкета Опроса.,1
u2090,Анкета Опроса.,1
u1112,Анкета Опроса.,1
u1870,Анкета Опроса.,1
u1604,Анкета Опроса.,1
u947,Анкета Опроса.,1
u91,Анкета Опроса.,1
u69,Анкета Опроса.,1
u1394,Анкета Опроса.,1
u1361,Анкета Опроса.,1
u1114,Анкета Опроса.,1
u2074,Анкета Опроса.,1
u1384,Анкета Опроса.,1
u864,Анкета Опроса.,1
u769,Анкета Опроса.,1
u2032,Анкета Опроса.,1
u40,Анкета Опроса.,1
u1118,Анкета Опроса.,1
u1399,Анкета Опроса.,1
u2026,Анкета Опроса.,1
u566,Анкета Опроса.,1
u51,Анкета Опроса.,1
u468,Анкета Опроса.,1
u209,Анкета Опроса.,1
u624,Анкета Опроса.,1
u49,Анкета Опроса.,1
u1385,Анкета Опроса.,1
u359,Анкета Опроса.,1
u529,Анкета Опроса.,1
u1591,Анкета Опроса.,1
u679,Анкета Опроса.,1
u88,Анкета Опроса.,1
u1507,Анкета Опроса.,1
u277,Анкета Опроса.,1
u168,Анкета Опроса.,1
u2091,Анкета Опроса.,1
u1890,Анкета Опроса.,1
u113,Анкета Опроса.,1
u636,Анкета Опроса.,1
u193,Анкета Опроса.,1
u1128,Анкета Опроса.,1
u608,Анкета Опроса.,1
u1945,Анкета Опроса.,1
u1782,Анкета Опроса.,1
u206,Анкета Опроса.,1
u637,Анкета Опроса.,1
u1639,Анкета Опроса.,1
u371,Анкета Опроса.,1
u1407,Анкета Опроса.,1
u1973,Анкета Опроса.,1
u85,Анкета Опроса.,1
u289,Анкета Опроса.,1
u1438,Анкета Опроса.,1
u1135,Анкета Опроса.,1
u1498,Анкета Опроса.,1
u329,Анкета Опроса.,1
u2014,Анкета Опроса.,1
u2006,Анкета Опроса.,1
u2022,Анкета Опроса.,1
u1912,Анкета Опроса.,1
u297,Анкета Опроса.,1
u2042,Анкета Опроса.,1
u1696,Анкета Опроса.,1
u1851,Анкета Опроса.,1
u370,Анкета Опроса.,1
u1299,Анкета Опроса.,1
u1787,Анкета Опроса.,1
u1514,Анкета Опроса.,1
u328,Анкета Опроса.,1
u1957,Анкета Опроса.,1
u565,Анкета Опроса.,1
u778,Анкета Опроса.,1
u1564,Анкета Опроса.,1
u1141,Анкета Опроса.,1
u1835,Анкета Опроса.,1
u1088,Анкета Опроса.,1
u250,Анкета Опроса.,1
u978,Анкета Опроса.,1
u213,Анкета Опроса.,1
u197,Анкета Опроса.,1
u854,Анкета Опроса.,1
u454,Анкета Опроса.,1
u1578,Анкета Опроса.,1
u252,Анкета Опроса.,1
u618,Анкета Опроса.,1
u501,Анкета Опроса.,1
u1151,Анкета Опроса.,1
u1764,Анкета Опроса.,1
u446,Анкета Опроса.,1
u373,Анкета Опроса.,1
u824,Анкета Опроса.,1
u1784,Анкета Опроса.,1
u260,Анкета Опроса.,1
u1570,Анкета Опроса.,1
u1863,Анкета Опроса.,1
u1156,Анкета Опроса.,1
u270,Анкета Опроса.,1
u858,Анкета Опроса.,1
u2050,Анкета Опроса.,1
u694,Анкета Опроса.,1
u344,Анкета Опроса.,1
u1752,Анкета Опроса.,1
u395,Анкета Опроса.,1
u1966,Анкета Опроса.,1
u2112,Анкета Опроса.,1
u922,Анкета Опроса.,1
u709,Анкета Опроса.,1
u2092,Анкета Опроса.,1
u859,Анкета Опроса.,1
u215,Анкета Опроса.,1
u265,Анкета Опроса.,1
u1442,Анкета Опроса.,1
u2065,Анкета Опроса.,1
u2029,Анкета Опроса.,1
u15,Анкета Опроса.,1
u1848,Анкета Опроса.,1
u2015,Анкета Опроса.,1
u1199,Анкета Опроса.,1
u450,Анкета Опроса.,1
u451,Анкета Опроса.,1
u1720,Анкета Опроса.,1
u469,Анкета Опроса.,1
u166,Анкета Опроса.,1
u1505,Анкета Опроса.,1
u662,Анкета Опроса.,1
u422,Анкета Опроса.,1
u163,Анкета Опроса.,1
u1430,Анкета Опроса.,1
u1211,Анкета Опроса.,1
u1826,Анкета Опроса.,1
u548,Анкета Опроса.,1
u526,Анкета Опроса.,1
u1352,Анкета Опроса.,1
u1670,Анкета Опроса.,1
u459,Анкета Опроса.,1
u2093,Анкета Опроса.,1
u918,Анкета Опроса.,1
u282,Анкета Опроса.,1
u460,Анкета Опроса.,1
u866,Анкета Опроса.,1
u1489,Анкета Опроса.,1
u1483,Анкета Опроса.,1
u217,Анкета Опроса.,1
u218,Анкета Опроса.,1
u1606,Анкета Опроса.,1
u723,Анкета Опроса.,1
u1362,Анкета Опроса.,1
u280,Анкета Опроса.,1
u1980,Анкета Опроса.,1
u2033,Анкета Опроса.,1
u1171,Анкета Опроса.,1
u1172,Анкета Опроса.,1
u118,Анкета Опроса.,1
u675,Анкета Опроса.,1
u1450,Анкета Опроса.,1
u1741,Анкета Опроса.,1
u1176,Анкета Опроса.,1
u108,Анкета Опроса.,1
u1710,Анкета Опроса.,1
u220,Анкета Опроса.,1
u150,Анкета Опроса.,1
u1436,Анкета Опроса.,1
u1916,Анкета Опроса.,1
u1534,Анкета Опроса.,1
u20,Анкета Опроса.,1
u255,Анкета Опроса.,1
u860,Анкета Опроса.,1
u1499,Анкета Опроса.,1
u2023,Анкета Опроса.,1
u1790,Анкета Опроса.,1
u835,Анкета Опроса.,1
u914,Анкета Опроса.,1
u1180,Анкета Опроса.,1
u1914,Анкета Опроса.,1
u1884,Анкета Опроса.,1
u1501,Анкета Опроса.,1
u433,Анкета Опроса.,1
u1185,Анкета Опроса.,1
u1190,Анкета Опроса.,1
u1804,Анкета Опроса.,1
u1193,Анкета Опроса.,1
u635,Анкета Опроса.,1
u1401,Анкета Опроса.,1
u1743,Анкета Опроса.,1
u221,Анкета Опроса.,1
u521,Анкета Опроса.,1
u1451,Анкета Опроса.,1
u929,Анкета Опроса.,1
u1204,Анкета Опроса.,1
u151,Анкета Опроса.,1
u360,Анкета Опроса.,1
u1206,Анкета Опроса.,1
u92,Анкета Опроса.,1
u1353,Анкета Опроса.,1
u639,Анкета Опроса.,1
u1331,Анкета Опроса.,1
u836,Анкета Опроса.,1
u1933,Анкета Опроса.,1
u1985,Анкета Опроса.,1
u1315,Анкета Опроса.,1
u1556,Анкета Опроса.,1
u837,Анкета Опроса.,1
u1212,Анкета Опроса.,1
u1876,Анкета Опроса.,1
u861,Анкета Опроса.,1
u645,Анкета Опроса.,1
u534,Анкета Опроса.,1
u352,Анкета Опроса.,1
u1917,Анкета Опроса.,1
u222,Анкета Опроса.,1
u1880,Анкета Опроса.,1
u1392,Анкета Опроса.,1
u1219,Анкета Опроса.,1
u1123,Анкета Опроса.,1
u2075,Анкета Опроса.,1
u412,Анкета Опроса.,1
u334,Анкета Опроса.,1
u320,Анкета Опроса.,1
u1333,Анкета Опроса.,1
u1416,Анкета Опроса.,1
u242,Анкета Опроса.,1
u14,Анкета Опроса.,1
u1356,Анкета Опроса.,1
u2096,Анкета Опроса.,1
u895,Анкета Опроса.,1
u798,Анкета Опроса.,1
u225,Анкета Опроса.,1
u2016,Анкета Опроса.,1
u1355,Анкета Опроса.,1
u1229,Анкета Опроса.,1
u1358,Анкета Опроса.,1
u720,Анкета Опроса.,1
u1681,Анкета Опроса.,1
u1915,Анкета Опроса.,1
u1300,Анкета Опроса.,1
u1948,Анкета Опроса.,1
u1878,Анкета Опроса.,1
u1833,Анкета Опроса.,1
u238,Анкета Опроса.,1
u559,Анкета Опроса.,1
u840,Анкета Опроса.,1
u640,Анкета Опроса.,1
u862,Анкета Опроса.,1
u1432,Анкета Опроса.,1
u737,Анкета Опроса.,1
u388,Анкета Опроса.,1
u1502,Анкета Опроса.,1
u173,Анкета Опроса.,1
u683,Анкета Опроса.,1
u299,Анкета Опроса.,1
u1503,Анкета Опроса.,1
u1236,Анкета Опроса.,1
u800,Анкета Опроса.,1
u1471,Анкета Опроса.,1
u1535,Анкета Опроса.,1
u1920,Анкета Опроса.,1
u801,Анкета Опроса.,1
u673,Анкета Опроса.,1
u1852,Анкета Опроса.,1
u676,Анкета Опроса.,1
u2048,Анкета Опроса.,1
u1530,Анкета Опроса.,1
u759,Анкета Опроса.,1
u591,Анкета Опроса.,1
u1063,Анкета Опроса.,1
u2049,Анкета Опроса.,1
u896,Анкета Опроса.,1
u98,Анкета Опроса.,1
u1294,Анкета Опроса.,1
u1680,Анкета Опроса.,1
u1433,Анкета Опроса.,1
u226,Анкета Опроса.,1
u846,Анкета Опроса.,1
u1336,Анкета Опроса.,1
u1949,Анкета Опроса.,1
u752,Анкета Опроса.,1
u1341,Анкета Опроса.,1
u1253,Анкета Опроса.,1
u950,Анкета Опроса.,1
u1990,Анкета Опроса.,1
u754,Анкета Опроса.,1
u1818,Анкета Опроса.,1
u233,Анкета Опроса.,1
u1256,Анкета Опроса.,1
u1467,Анкета Опроса.,1
u1549,Анкета Опроса.,1
u721,Анкета Опроса.,1
u1749,Анкета Опроса.,1
u1258,Анкета Опроса.,1
u1389,Анкета Опроса.,1
u589,Анкета Опроса.,1
u905,Анкета Опроса.,1
u819,Анкета Опроса.,1
u1296,Анкета Опроса.,1
u1805,Анкета Опроса.,1
u939,Анкета Опроса.,1
u672,Анкета Опроса.,1
u924,Анкета Опроса.,1
u620,Анкета Опроса.,1
u1840,Анкета Опроса.,1
u386,Анкета Опроса.,1
u607,Анкета Опроса.,1
u814,Анкета Опроса.,1
u1853,Анкета Опроса.,1
u1411,Анкета Опроса.,1
u1798,Анкета Опроса.,1
u966,Анкета Опроса.,1
u935,Анкета Опроса.,1
u1824,Анкета Опроса.,1
u760,Анкета Опроса.,1
u921,Анкета Опроса.,1
u965,Анкета Опроса.,1
u1603,Анкета Опроса.,1
u1836,Анкета Опроса.,1
u1619,Анкета Опроса.,1
u641,Анкета Опроса.,1
u1783,Анкета Опроса.,1
u1687,Анкета Опроса.,1
u524,Анкета Опроса.,1
u901,Анкета Опроса.,1
u1307,Анкета Опроса.,1
u586,Анкета Опроса.,1
u440,Анкета Опроса.,1
u271,Анкета Опроса.,1
u1274,Анкета Опроса.,1
u562,Анкета Опроса.,1
u358,Анкета Опроса.,1
u1711,Анкета Опроса.,1
u863,Анкета Опроса.,1
u59,Анкета Опроса.,1
u23,Анкета Опроса.,1
u1793,Анкета Опроса.,1
u848,Анкета Опроса.,1
u1828,Анкета Опроса.,1
u491,Анкета Опроса.,1
u1596,Анкета Опроса.,1
u99,Анкета Опроса.,1
u803,Анкета Опроса.,1
u538,Анкета Опроса.,1
u1462,Анкета Опроса.,1
u563,Анкета Опроса.,1
u616,Анкета Опроса.,1
u1363,Анкета Опроса.,1
u1791,Анкета Опроса.,1
u60,Анкета Опроса.,1
u1956,Анкета Опроса.,1
u449,Анкета Опроса.,1
u1620,Анкета Опроса.,1
u2095,Анкета Опроса.,1
u1721,Анкета Опроса.,1
u1625,Анкета Опроса.,1
u1566,Анкета Опроса.,1
u1595,Анкета Опроса.,1
u1338,Анкета Опроса.,1
u1481,Анкета Опроса.,1
u932,Анкета Опроса.,1
u985,Анкета Опроса.,1
u1981,Анкета Опроса.,1
u2017,Анкета Опроса.,1
u784,Анкета Опроса.,1
u2076,Анкета Опроса.,1
u1574,Анкета Опроса.,1
u2077,Анкета Опроса.,1
u1332,Анкета Опроса.,1
u1546,Анкета Опроса.,1
u2107,Анкета Опроса.,1
u1390,Анкета Опроса.,1
u1335,Анкета Опроса.,1
u228,Анкета Опроса.,1
u1445,Анкета Опроса.,1
u688,Анкета Опроса.,1
u229,Анкета Опроса.,1
u1435,Анкета Опроса.,1
u1337,Анкета обратной связи «Старт».,1
u1371,Анкета обратной связи «Старт».,1
u1350,Анкета обратной связи «Старт».,1
u455,Анкета обратной связи «Старт».,1
u1695,Анкета обратной связи «Старт».,1
u254,Анкета обратной связи «Старт».,1
u839,Анкета обратной связи «Старт».,1
u1845,Анкета обратной связи «Старт».,1
u540,Анкета,1
u540,Анкета,1
u913,Анкета,1
u913,Анкета,1
u644,Анкета,1
u973,Анкета,1
u973,Анкета,1
u1819,Анкета,1
u1819,Анкета,1
u1819,Анкета,1
u2045,Анкета,1
u788,Анкета,1
u788,Анкета,1
u788,Анкета,1
u876,Анкета,1
u1337,Анкета,1
u1337,Анкета,1
u1337,Анкета,1
u911,Анкета,1
u926,Анкета,1
u926,Анкета,1
u926,Анкета,1
u988,Анкета,1
u988,Анкета,1
u988,Анкета,1
u806,Анкета,1
u806,Анкета,1
u806,Анкета,1
u1371,Анкета,1
u1371,Анкета,1
u1371,Анкета,1
u62,Анкета,1
u1305,Анкета,1
u331,Анкета,1
u588,Анкета,1
u199,Анкета,1
u199,Анкета,1
u199,Анкета,1
u1589,Анкета,1
u2057,Анкета,1
u2057,Анкета,1
u2057,Анкета,1
u1374,Анкета,1
u1374,Анкета,1
u189,Анкета,1
u189,Анкета,1
u189,Анкета,1
u189,Анкета,1
u1492,Анкета,1
u1492,Анкета,1
u543,Анкета,1
u543,Анкета,1
u543,Анкета,1
u543,Анкета,1
u1810,Анкета,1
u1810,Анкета,1
u1777,Анкета,1
u1777,Анкета,1
u1004,Анкета,1
u423,Анкета,1
u423,Анкета,1
u146,Анкета,1
u146,Анкета,1
u1951,Анкета,1
u2060,Анкета,1
u2060,Анкета,1
u315,Анкета,1
u315,Анкета,1
u124,Анкета,1
u124,Анкета,1
u124,Анкета,1
u1009,Анкета,1
u1009,Анкета,1
u1010,Анкета,1
u1011,Анкета,1
u583,Анкета,1
u583,Анкета,1
u1015,Анкета,1
u1406,Анкета,1
u1406,Анкета,1
u1406,Анкета,1
u126,Анкета,1
u126,Анкета,1
u126,Анкета,1
u126,Анкета,1
u1779,Анкета,1
u402,Анкета,1
u1021,Анкета,1
u1021,Анкета,1
u262,Анкета,1
u262,Анкета,1
u240,Анкета,1
u791,Анкета,1
u1379,Анкета,1
u1379,Анкета,1
u612,Анкета,1
u544,Анкета,1
u147,Анкета,1
u147,Анкета,1
u1652,Анкета,1
u1652,Анкета,1
u1652,Анкета,1
u2119,Анкета,1
u268,Анкета,1
u268,Анкета,1
u554,Анкета,1
u554,Анкета,1
u882,Анкета,1
u882,Анкета,1
u2081,Анкета,1
u2081,Анкета,1
u311,Анкета,1
u530,Анкета,1
u1038,Анкета,1
u1038,Анкета,1
u1038,Анкета,1
u1038,Анкета,1
u1040,Анкета,1
u2001,Анкета,1
u2001,Анкета,1
u762,Анкета,1
u762,Анкета,1
u762,Анкета,1
u1052,Анкета,1
u1052,Анкета,1
u1053,Анкета,1
u245,Анкета,1
u245,Анкета,1
u245,Анкета,1
u133,Анкета,1
u133,Анкета,1
u133,Анкета,1
u2012,Анкета,1
u2012,Анкета,1
u2012,Анкета,1
u2012,Анкета,1
u2087,Анкета,1
u958,Анкета,1
u418,Анкета,1
u418,Анкета,1
u1062,Анкета,1
u1959,Анкета,1
u1959,Анкета,1
u1959,Анкета,1
u1583,Анкета,1
u1583,Анкета,1
u1583,Анкета,1
u1350,Анкета,1
u1350,Анкета,1
u1350,Анкета,1
u1830,Анкета,1
u630,Анкета,1
u630,Анкета,1
u811,Анкета,1
u811,Анкета,1
u1525,Анкета,1
u885,Анкета,1
u374,Анкета,1
u374,Анкета,1
u549,Анкета,1
u549,Анкета,1
u549,Анкета,1
u549,Анкета,1
u405,Анкета,1
u1298,Анкета,1
u1298,Анкета,1
u1298,Анкета,1
u1298,Анкета,1
u700,Анкета,1
u700,Анкета,1
u700,Анкета,1
u700,Анкета,1
u110,Анкета,1
u110,Анкета,1
u110,Анкета,1
u110,Анкета,1
u962,Анкета,1
u962,Анкета,1
u962,Анкета,1
u962,Анкета,1
u1382,Анкета,1
u545,Анкета,1
u545,Анкета,1
u2011,Анкета,1
u2011,Анкета,1
u1103,Анкета,1
u207,Анкета,1
u207,Анкета,1
u455,Анкета,1
u455,Анкета,1
u2027,Анкета,1
u2027,Анкета,1
u2027,Анкета,1
u2027,Анкета,1
u1695,Анкета,1
u421,Анкета,1
u421,Анкета,1
u890,Анкета,1
u1109,Анкета,1
u1993,Анкета,1
u1993,Анкета,1
u1993,Анкета,1
u1993,Анкета,1
u844,Анкета,1
u566,Анкета,1
u566,Анкета,1
u566,Анкета,1
u51,Анкета,1
u51,Анкета,1
u49,Анкета,1
u49,Анкета,1
u49,Анкета,1
u49,Анкета,1
u529,Анкета,1
u168,Анкета,1
u168,Анкета,1
u113,Анкета,1
u1945,Анкета,1
u1945,Анкета,1
u1945,Анкета,1
u776,Анкета,1
u776,Анкета,1
u776,Анкета,1
u177,Анкета,1
u177,Анкета,1
u1132,Анкета,1
u85,Анкета,1
u85,Анкета,1
u1718,Анкета,1
u1718,Анкета,1
u1629,Анкета,1
u1145,Анкета,1
u1141,Анкета,1
u1141,Анкета,1
u1719,Анкета,1
u1936,Анкета,1
u1936,Анкета,1
u254,Анкета,1
u1946,Анкета,1
u2065,Анкета,1
u15,Анкета,1
u15,Анкета,1
u15,Анкета,1
u15,Анкета,1
u2015,Анкета,1
u2015,Анкета,1
u2015,Анкета,1
u1354,Анкета,1
u1720,Анкета,1
u1720,Анкета,1
u425,Анкета,1
u425,Анкета,1
u1163,Анкета,1
u1163,Анкета,1
u351,Анкета,1
u1826,Анкета,1
u1826,Анкета,1
u2093,Анкета,1
u2093,Анкета,1
u1980,Анкета,1
u1172,Анкета,1
u1741,Анкета,1
u1741,Анкета,1
u1741,Анкета,1
u1741,Анкета,1
u1178,Анкета,1
u220,Анкета,1
u220,Анкета,1
u220,Анкета,1
u220,Анкета,1
u1534,Анкета,1
u1534,Анкета,1
u522,Анкета,1
u522,Анкета,1
u1930,Анкета,1
u1499,Анкета,1
u1213,Анкета,1
u410,Анкета,1
u1914,Анкета,1
u1914,Анкета,1
u1615,Анкета,1
u1615,Анкета,1
u1615,Анкета,1
u2064,Анкета,1
u390,Анкета,1
u390,Анкета,1
u125,Анкета,1
u125,Анкета,1
u125,Анкета,1
u71,Анкета,1
u71,Анкета,1
u71,Анкета,1
u1931,Анкета,1
u639,Анкета,1
u639,Анкета,1
u1315,Анкета,1
u1315,Анкета,1
u1867,Анкета,1
u1867,Анкета,1
u645,Анкета,1
u645,Анкета,1
u2036,Анкета,1
u2036,Анкета,1
u46,Анкета,1
u46,Анкета,1
u1880,Анкета,1
u1880,Анкета,1
u1880,Анкета,1
u1880,Анкета,1
u839,Анкета,1
u839,Анкета,1
u839,Анкета,1
u936,Анкета,1
u1224,Анкета,1
u1395,Анкета,1
u2096,Анкета,1
u799,Анкета,1
u799,Анкета,1
u799,Анкета,1
u1237,Анкета,1
u559,Анкета,1
u840,Анкета,1
u840,Анкета,1
u840,Анкета,1
u299,Анкета,1
u299,Анкета,1
u476,Анкета,1
u476,Анкета,1
u476,Анкета,1
u167,Анкета,1
u456,Анкета,1
u1560,Анкета,1
u1560,Анкета,1
u1530,Анкета,1
u1530,Анкета,1
u1530,Анкета,1
u1530,Анкета,1
u1845,Анкета,1
u1680,Анкета,1
u1680,Анкета,1
u1248,Анкета,1
u846,Анкета,1
u846,Анкета,1
u846,Анкета,1
u1249,Анкета,1
u1990,Анкета,1
u1990,Анкета,1
u1599,Анкета,1
u1599,Анкета,1
u1599,Анкета,1
u1423,Анкета,1
u1423,Анкета,1
u1423,Анкета,1
u1423,Анкета,1
u1805,Анкета,1
u1805,Анкета,1
u939,Анкета,1
u939,Анкета,1
u939,Анкета,1
u1987,Анкета,1
u556,Анкета,1
u556,Анкета,1
u1853,Анкета,1
u1824,Анкета,1
u1824,Анкета,1
u1824,Анкета,1
u1824,Анкета,1
u1836,Анкета,1
u750,Анкета,1
u750,Анкета,1
u524,Анкета,1
u524,Анкета,1
u524,Анкета,1
u1768,Анкета,1
u562,Анкета,1
u1283,Анкета,1
u1956,Анкета,1
u1956,Анкета,1
u1956,Анкета,1
u1956,Анкета,1
u1625,Анкета,1
u1625,Анкета,1
u1625,Анкета,1
u1338,Анкета,1
u1338,Анкета,1
u1338,Анкета,1
u42,Анкета,1
u1981,Анкета,1
u1981,Анкета,1
u1981,Анкета,1
u1981,Анкета,1
u2107,Анкета,1
u2107,Анкета,1
u1919,Анкета,1
u1919,Анкета,1
u1289,Анкета,1
u1859,Анкета,1
u383,Анкета,1
u383,Анкета,1
u263,«Фирменная одежда»,1
u560,«Фирменная одежда»,1
u561,«Фирменная одежда»,1
u1810,«Фирменная одежда»,1
u382,«Фирменная одежда»,1
u1894,«Фирменная одежда»,1
u715,«Фирменная одежда»,1
u712,«Фирменная одежда»,1
u2085,«Фирменная одежда»,1
u544,«Фирменная одежда»,1
u1485,«Фирменная одежда»,1
u268,«Фирменная одежда»,1
u1729,«Фирменная одежда»,1
u169,«Фирменная одежда»,1
u346,«Фирменная одежда»,1
u1522,«Фирменная одежда»,1
u465,«Фирменная одежда»,1
u1551,«Фирменная одежда»,1
u1293,«Фирменная одежда»,1
u569,«Фирменная одежда»,1
u97,«Фирменная одежда»,1
u864,«Фирменная одежда»,1
u566,«Фирменная одежда»,1
u49,«Фирменная одежда»,1
u2091,«Фирменная одежда»,1
u636,«Фирменная одежда»,1
u1738,«Фирменная одежда»,1
u213,«Фирменная одежда»,1
u550,«Фирменная одежда»,1
u2093,«Фирменная одежда»,1
u337,«Фирменная одежда»,1
u1534,«Фирменная одежда»,1
u951,«Фирменная одежда»,1
u1743,«Фирменная одежда»,1
u326,«Фирменная одежда»,1
u222,«Фирменная одежда»,1
u1219,«Фирменная одежда»,1
u334,«Фирменная одежда»,1
u98,«Фирменная одежда»,1
u1294,«Фирменная одежда»,1
u1680,«Фирменная одежда»,1
u684,«Фирменная одежда»,1
u1336,«Фирменная одежда»,1
u1599,«Фирменная одежда»,1
u1296,«Фирменная одежда»,1
u1579,«Фирменная одежда»,1
u562,«Фирменная одежда»,1
u99,«Фирменная одежда»,1
u1338,«Фирменная одежда»,1
u228,«Фирменная одежда»,1
u229,«Фирменная одежда»,1
u787,опрос по курсу по акции,1
u553,опрос по курсу по акции,1
u473,опрос по курсу по акции,1
u913,опрос по курсу по акции,1
u1402,опрос по курсу по акции,1
u338,опрос по курсу по акции,1
u512,опрос по курсу по акции,1
u788,опрос по курсу по акции,1
u323,опрос по курсу по акции,1
u2046,опрос по курсу по акции,1
u878,опрос по курсу по акции,1
u780,опрос по курсу по акции,1
u1403,опрос по курсу по акции,1
u1822,опрос по курсу по акции,1
u654,опрос по курсу по акции,1
u926,опрос по курсу по акции,1
u988,опрос по курсу по акции,1
u1371,опрос по курсу по акции,1
u106,опрос по курсу по акции,1
u1463,опрос по курсу по акции,1
u227,опрос по курсу по акции,1
u617,опрос по курсу по акции,1
u588,опрос по курсу по акции,1
u691,опрос по курсу по акции,1
u1469,опрос по курсу по акции,1
u66,опрос по курсу по акции,1
u631,опрос по курсу по акции,1
u81,опрос по курсу по акции,1
u763,опрос по курсу по акции,1
u1797,опрос по курсу по акции,1
u1992,опрос по курсу по акции,1
u1753,опрос по курсу по акции,1
u1374,опрос по курсу по акции,1
u189,опрос по курсу по акции,1
u1492,опрос по курсу по акции,1
u1002,опрос по курсу по акции,1
u1003,опрос по курсу по акции,1
u382,опрос по курсу по акции,1
u502,опрос по курсу по акции,1
u1703,опрос по курсу по акции,1
u1777,опрос по курсу по акции,1
u1907,опрос по курсу по акции,1
u789,опрос по курсу по акции,1
u1308,опрос по курсу по акции,1
u146,опрос по курсу по акции,1
u790,опрос по курсу по акции,1
u1951,опрос по курсу по акции,1
u2060,опрос по курсу по акции,1
u1005,опрос по курсу по акции,1
u1605,опрос по курсу по акции,1
u1704,опрос по курсу по акции,1
u1705,опрос по курсу по акции,1
u1894,опрос по курсу по акции,1
u124,опрос по курсу по акции,1
u1812,опрос по курсу по акции,1
u1813,опрос по курсу по акции,1
u1778,опрос по курсу по акции,1
u190,опрос по курсу по акции,1
u203,опрос по курсу по акции,1
u1823,опрос по курсу по акции,1
u1607,опрос по курсу по акции,1
u1962,опрос по курсу по акции,1
u1405,опрос по курсу по акции,1
u1608,опрос по курсу по акции,1
u1706,опрос по курсу по акции,1
u1582,опрос по курсу по акции,1
u1406,опрос по курсу по акции,1
u1339,опрос по курсу по акции,1
u1892,опрос по курсу по акции,1
u931,опрос по курсу по акции,1
u47,опрос по курсу по акции,1
u2019,опрос по курсу по акции,1
u1420,опрос по курсу по акции,1
u2010,опрос по курсу по акции,1
u1421,опрос по курсу по акции,1
u1083,опрос по курсу по акции,1
u1779,опрос по курсу по акции,1
u1398,опрос по курсу по акции,1
u722,опрос по курсу по акции,1
u330,опрос по курсу по акции,1
u348,опрос по курсу по акции,1
u1025,опрос по курсу по акции,1
u791,опрос по курсу по акции,1
u1422,опрос по курсу по акции,1
u269,опрос по курсу по акции,1
u1626,опрос по курсу по акции,1
u827,опрос по курсу по акции,1
u1652,опрос по курсу по акции,1
u210,опрос по курсу по акции,1
u184,опрос по курсу по акции,1
u2000,опрос по курсу по акции,1
u1850,опрос по курсу по акции,1
u474,опрос по курсу по акции,1
u2001,опрос по курсу по акции,1
u1393,опрос по курсу по акции,1
u634,опрос по курсу по акции,1
u762,опрос по курсу по акции,1
u1042,опрос по курсу по акции,1
u960,опрос по курсу по акции,1
u191,опрос по курсу по акции,1
u316,опрос по курсу по акции,1
u1611,опрос по курсу по акции,1
u169,опрос по курсу по акции,1
u1169,опрос по курсу по акции,1
u727,опрос по курсу по акции,1
u346,опрос по курсу по акции,1
u820,опрос по курсу по акции,1
u349,опрос по курсу по акции,1
u418,опрос по курсу по акции,1
u1972,опрос по курсу по акции,1
u1062,опрос по курсу по акции,1
u1359,опрос по курсу по акции,1
u605,опрос по курсу по акции,1
u1350,опрос по курсу по акции,1
u1794,опрос по курсу по акции,1
u795,опрос по курсу по акции,1
u796,опрос по курсу по акции,1
u1409,опрос по курсу по акции,1
u1,опрос по курсу по акции,1
u1077,опрос по курсу по акции,1
u405,опрос по курсу по акции,1
u1439,опрос по курсу по акции,1
u324,опрос по курсу по акции,1
u1081,опрос по курсу по акции,1
u700,опрос по курсу по акции,1
u110,опрос по курсу по акции,1
u1911,опрос по курсу по акции,1
u962,опрос по курсу по акции,1
u664,опрос по курсу по акции,1
u1177,опрос по курсу по акции,1
u1424,опрос по курсу по акции,1
u2098,опрос по курсу по акции,1
u120,опрос по курсу по акции,1
u1694,опрос по курсу по акции,1
u455,опрос по курсу по акции,1
u1801,опрос по курсу по акции,1
u2027,опрос по курсу по акции,1
u1415,опрос по курсу по акции,1
u1623,опрос по курсу по акции,1
u1686,опрос по курсу по акции,1
u938,опрос по курсу по акции,1
u1714,опрос по курсу по акции,1
u1524,опрос по курсу по акции,1
u1715,опрос по курсу по акции,1
u1584,опрос по курсу по акции,1
u2073,опрос по курсу по акции,1
u1590,опрос по курсу по акции,1
u1870,опрос по курсу по акции,1
u201,опрос по курсу по акции,1
u769,опрос по курсу по акции,1
u70,опрос по курсу по акции,1
u1817,опрос по курсу по акции,1
u856,опрос по курсу по акции,1
u566,опрос по курсу по акции,1
u51,опрос по курсу по акции,1
u468,опрос по курсу по акции,1
u49,опрос по курсу по акции,1
u1591,опрос по курсу по акции,1
u636,опрос по курсу по акции,1
u1782,опрос по курсу по акции,1
u637,опрос по курсу по акции,1
u1407,опрос по курсу по акции,1
u1498,опрос по курсу по акции,1
u297,опрос по курсу по акции,1
u1851,опрос по курсу по акции,1
u1787,опрос по курсу по акции,1
u1324,опрос по курсу по акции,1
u1088,опрос по курсу по акции,1
u1523,опрос по курсу по акции,1
u197,опрос по курсу по акции,1
u854,опрос по курсу по акции,1
u454,опрос по курсу по акции,1
u618,опрос по курсу по акции,1
u1151,опрос по курсу по акции,1
u892,опрос по курсу по акции,1
u1719,опрос по курсу по акции,1
u1936,опрос по курсу по акции,1
u373,опрос по курсу по акции,1
u824,опрос по курсу по акции,1
u1784,опрос по курсу по акции,1
u858,опрос по курсу по акции,1
u344,опрос по курсу по акции,1
u395,опрос по курсу по акции,1
u1966,опрос по курсу по акции,1
u2112,опрос по курсу по акции,1
u254,опрос по курсу по акции,1
u859,опрос по курсу по акции,1
u2065,опрос по курсу по акции,1
u1995,опрос по курсу по акции,1
u15,опрос по курсу по акции,1
u2015,опрос по курсу по акции,1
u1199,опрос по курсу по акции,1
u450,опрос по курсу по акции,1
u451,опрос по курсу по акции,1
u1720,опрос по курсу по акции,1
u1505,опрос по курсу по акции,1
u1211,опрос по курсу по акции,1
u526,опрос по курсу по акции,1
u1352,опрос по курсу по акции,1
u459,опрос по курсу по акции,1
u2093,опрос по курсу по акции,1
u216,опрос по курсу по акции,1
u460,опрос по курсу по акции,1
u866,опрос по курсу по акции,1
u1483,опрос по курсу по акции,1
u217,опрос по курсу по акции,1
u337,опрос по курсу по акции,1
u280,опрос по курсу по акции,1
u118,опрос по курсу по акции,1
u1450,опрос по курсу по акции,1
u1741,опрос по курсу по акции,1
u1991,опрос по курсу по акции,1
u150,опрос по курсу по акции,1
u1499,опрос по курсу по акции,1
u835,опрос по курсу по акции,1
u107,опрос по курсу по акции,1
u50,опрос по курсу по акции,1
u1914,опрос по курсу по акции,1
u2054,опрос по курсу по акции,1
u2,опрос по курсу по акции,1
u1190,опрос по курсу по акции,1
u125,опрос по курсу по акции,1
u1401,опрос по курсу по акции,1
u221,опрос по курсу по акции,1
u1451,опрос по курсу по акции,1
u1204,опрос по курсу по акции,1
u131,опрос по курсу по акции,1
u1353,опрос по курсу по акции,1
u639,опрос по курсу по акции,1
u1933,опрос по курсу по акции,1
u1212,опрос по курсу по акции,1
u1832,опрос по курсу по акции,1
u1123,опрос по курсу по акции,1
u320,опрос по курсу по акции,1
u1367,опрос по курсу по акции,1
u839,опрос по курсу по акции,1
u1333,опрос по курсу по акции,1
u1786,опрос по курсу по акции,1
u1348,опрос по курсу по акции,1
u1416,опрос по курсу по акции,1
u1839,опрос по курсу по акции,1
u1356,опрос по курсу по акции,1
u2096,опрос по курсу по акции,1
u1760,опрос по курсу по акции,1
u799,опрос по курсу по акции,1
u225,опрос по курсу по акции,1
u1355,опрос по курсу по акции,1
u1229,опрос по курсу по акции,1
u1358,опрос по курсу по акции,1
u1915,опрос по курсу по акции,1
u640,опрос по курсу по акции,1
u2009,опрос по курсу по акции,1
u1432,опрос по курсу по акции,1
u1503,опрос по курсу по акции,1
u476,опрос по курсу по акции,1
u1468,опрос по курсу по акции,1
u1471,опрос по курсу по акции,1
u1852,опрос по курсу по акции,1
u2048,опрос по курсу по акции,1
u1530,опрос по курсу по акции,1
u591,опрос по курсу по акции,1
u1063,опрос по курсу по акции,1
u846,опрос по курсу по акции,1
u1336,опрос по курсу по акции,1
u130,опрос по курсу по акции,1
u1949,опрос по курсу по акции,1
u96,опрос по курсу по акции,1
u1261,опрос по курсу по акции,1
u672,опрос по курсу по акции,1
u1840,опрос по курсу по акции,1
u1853,опрос по курсу по акции,1
u966,опрос по курсу по акции,1
u318,опрос по курсу по акции,1
u1824,опрос по курсу по акции,1
u898,опрос по курсу по акции,1
u1270,опрос по курсу по акции,1
u965,опрос по курсу по акции,1
u1836,опрос по курсу по акции,1
u641,опрос по курсу по акции,1
u6,опрос по курсу по акции,1
u1687,опрос по курсу по акции,1
u524,опрос по курсу по акции,1
u586,опрос по курсу по акции,1
u440,опрос по курсу по акции,1
u1274,опрос по курсу по акции,1
u562,опрос по курсу по акции,1
u1747,опрос по курсу по акции,1
u563,опрос по курсу по акции,1
u1956,опрос по курсу по акции,1
u1620,опрос по курсу по акции,1
u100,опрос по курсу по акции,1
u1722,опрос по курсу по акции,1
u1595,опрос по курсу по акции,1
u1893,опрос по курсу по акции,1
u72,опрос по курсу по акции,1
u1981,опрос по курсу по акции,1
u2017,опрос по курсу по акции,1
u784,опрос по курсу по акции,1
u2076,опрос по курсу по акции,1
u1844,опрос по курсу по акции,1
u1546,опрос по курсу по акции,1
u2107,опрос по курсу по акции,1
u1472,опрос по курсу по акции,1
u688,опрос по курсу по акции,1